"coachID","year","tmID","lgID","won","lost"
"johnsne01","1961","PGR","ABL1","41","40"
"auerbre01","1946","WSC","NBA","49","11"
"birchpa01","1946","PIT","NBA","15","45"
"cliffro01","1946","CLR","NBA","13","10"
"cohalne01","1946","NYK","NBA","33","27"
"curtigl01","1946","DTF","NBA","12","22"
"dehnere01","1946","CLR","NBA","17","20"
"fitzgdi01","1946","TRH","NBA","2","1"
"gottled01","1946","PHW","NBA","35","25"
"haymale01","1946","TRH","NBA","0","1"
"loeffke01","1946","STB","NBA","38","23"
"morriro01","1946","PRO","NBA","28","32"
"olsenha01","1946","CHS","NBA","39","22"
"rolfero01","1946","TRH","NBA","17","27"
"russejo01","1946","BOS","NBA","22","38"
"sachsph01","1946","DTF","NBA","8","18"
"sadowed01","1946","TRH","NBA","3","9"
"auerbre01","1947","WSC","NBA","28","20"
"gottled01","1947","PHW","NBA","27","21"
"hickena01","1947","PRO","NBA","4","25"
"jeannbu01","1947","BLB","NBA","28","20"
"lapchjo01","1947","NYK","NBA","26","22"
"loeffke01","1947","STB","NBA","29","19"
"olsenha01","1947","CHS","NBA","28","20"
"russejo01","1947","BOS","NBA","20","28"
"soaral01","1947","PRO","NBA","2","17"
"armstcu01","1948","FTW","NBA","22","32"
"auerbre01","1948","WSC","NBA","38","22"
"benneca01","1948","FTW","NBA","0","6"
"brownph01","1948","CHS","NBA","10","1"
"friddbu01","1948","INJ","NBA","14","29"
"gottled01","1948","PHW","NBA","28","32"
"halebr01","1948","INJ","NBA","4","13"
"harrile01","1948","ROC","NBA","45","15"
"jeannbu01","1948","BLB","NBA","29","31"
"juliaal01","1948","BOS","NBA","25","35"
"kundljo01","1948","MNL","NBA","44","16"
"lapchjo01","1948","NYK","NBA","32","28"
"lewisgr01","1948","STB","NBA","29","31"
"loeffke01","1948","PRO","NBA","12","48"
"olsenha01","1948","CHS","NBA","28","21"
"auerbre01","1949","TRI","NBA","28","29"
"barkecl01","1949","INO","NBA","39","25"
"brownph01","1949","CHS","NBA","40","28"
"cervial01","1949","SYR","NBA","51","13"
"dardeji01","1949","DNN","NBA","11","51"
"duffeik01","1949","AND","NBA","1","2"
"feeribo01","1949","WSC","NBA","32","36"
"gottled01","1949","PHW","NBA","26","42"
"harrile01","1949","ROC","NBA","51","17"
"jeannbu01","1949","BLB","NBA","25","43"
"juliaal01","1949","BOS","NBA","22","46"
"kundljo01","1949","MNL","NBA","51","17"
"lapchjo01","1949","NYK","NBA","40","28"
"lewisgr01","1949","STB","NBA","26","42"
"mendemu01","1949","FTW","NBA","40","28"
"mooredo01","1949","AND","NBA","15","11"
"pottero01","1949","TRI","NBA","1","6"
"schulho01","1949","AND","NBA","21","14"
"shippch01","1949","WAT","NBA","8","27"
"smileja01","1949","WAT","NBA","11","16"
"sueseke01","1949","SHE","NBA","22","40"
"auerbre01","1950","BOS","NBA","39","30"
"barkecl01","1950","INO","NBA","24","32"
"budkowa01","1950","BLB","NBA","10","19"
"cervial01","1950","SYR","NBA","32","34"
"gottled01","1950","PHW","NBA","40","26"
"harrile01","1950","ROC","NBA","41","27"
"jeannbu01","1950","BLB","NBA","14","23"
"joneswa03","1950","INO","NBA","7","5"
"kundljo01","1950","MNL","NBA","44","24"
"lapchjo01","1950","NYK","NBA","36","30"
"loganjo01","1950","TRI","NBA","2","1"
"mckinbo01","1950","WSC","NBA","10","25"
"mcmilda01","1950","TRI","NBA","9","14"
"mendemu01","1950","FTW","NBA","32","36"
"todormi01","1950","TRI","NBA","14","28"
"auerbre01","1951","BOS","NBA","39","27"
"birchpa01","1951","FTW","NBA","29","37"
"cervial01","1951","SYR","NBA","40","26"
"gottled01","1951","PHW","NBA","33","33"
"harrile01","1951","ROC","NBA","41","25"
"kundljo01","1951","MNL","NBA","40","26"
"lapchjo01","1951","NYK","NBA","37","29"
"mooredo01","1951","MLH","NBA","17","49"
"reisech01","1951","BLB","NBA","8","19"
"schaehe01","1951","INO","NBA","34","32"
"scolafr01","1951","BLB","NBA","12","27"
"auerbre01","1952","BOS","NBA","46","25"
"beecl01","1952","BLB","NBA","16","51"
"birchpa01","1952","FTW","NBA","36","33"
"cervial01","1952","SYR","NBA","47","24"
"gottled01","1952","PHW","NBA","12","57"
"harrile01","1952","ROC","NBA","44","26"
"kundljo01","1952","MNL","NBA","48","22"
"lapchjo01","1952","NYK","NBA","47","23"
"levanan01","1952","MLH","NBA","27","44"
"reisech01","1952","BLB","NBA","0","3"
"schaehe01","1952","INO","NBA","28","43"
"auerbre01","1953","BOS","NBA","42","30"
"beecl01","1953","BLB","NBA","16","56"
"birchpa01","1953","FTW","NBA","40","32"
"cervial01","1953","SYR","NBA","42","30"
"gottled01","1953","PHW","NBA","29","43"
"harrile01","1953","ROC","NBA","44","28"
"holzmre01","1953","MLH","NBA","10","16"
"kundljo01","1953","MNL","NBA","46","26"
"lapchjo01","1953","NYK","NBA","44","28"
"levanan01","1953","MLH","NBA","11","35"
"auerbre01","1954","BOS","NBA","36","36"
"cervial01","1954","SYR","NBA","43","29"
"eckmach01","1954","FTW","NBA","43","29"
"gottled01","1954","PHW","NBA","33","39"
"harrile01","1954","ROC","NBA","29","43"
"holzmre01","1954","MLH","NBA","26","46"
"kundljo01","1954","MNL","NBA","40","32"
"lapchjo01","1954","NYK","NBA","38","34"
"auerbre01","1955","BOS","NBA","39","33"
"borylvi01","1955","NYK","NBA","9","12"
"cervial01","1955","SYR","NBA","35","37"
"eckmach01","1955","FTW","NBA","37","35"
"holzmre01","1955","STL","NBA","33","39"
"kundljo01","1955","MNL","NBA","33","39"
"lapchjo01","1955","NYK","NBA","26","25"
"senesge01","1955","PHW","NBA","45","27"
"wanzebo01","1955","ROC","NBA","31","41"
"auerbre01","1956","BOS","NBA","44","28"
"borylvi01","1956","NYK","NBA","36","36"
"cervial01","1956","SYR","NBA","4","8"
"eckmach01","1956","FTW","NBA","34","38"
"hannual01","1956","STL","NBA","15","16"
"holzmre01","1956","STL","NBA","14","19"
"kundljo01","1956","MNL","NBA","34","38"
"martisl01","1956","STL","NBA","5","3"
"senesge01","1956","PHW","NBA","37","35"
"seymopa01","1956","SYR","NBA","34","26"
"wanzebo01","1956","ROC","NBA","31","41"
"auerbre01","1957","BOS","NBA","49","23"
"borylvi01","1957","NYK","NBA","35","37"
"eckmach01","1957","DET","NBA","9","16"
"hannual01","1957","STL","NBA","41","31"
"kundljo01","1957","MNL","NBA","10","23"
"mikange01","1957","MNL","NBA","9","30"
"rochare01","1957","DET","NBA","24","23"
"senesge01","1957","PHW","NBA","37","35"
"seymopa01","1957","SYR","NBA","41","31"
"wanzebo01","1957","CIN","NBA","33","39"
"auerbre01","1958","BOS","NBA","52","20"
"cervial01","1958","PHW","NBA","32","40"
"kundljo01","1958","MNL","NBA","33","39"
"levanan01","1958","NYK","NBA","40","32"
"macaued01","1958","STL","NBA","43","19"
"marshto01","1958","CIN","NBA","16","38"
"phillan01","1958","STL","NBA","6","4"
"rochare01","1958","DET","NBA","28","44"
"seymopa01","1958","SYR","NBA","35","37"
"wanzebo01","1958","CIN","NBA","3","15"
"auerbre01","1959","BOS","NBA","59","16"
"braunca01","1959","NYK","NBA","19","29"
"castejo01","1959","MNL","NBA","11","25"
"johnsne01","1959","PHW","NBA","49","26"
"levanan01","1959","NYK","NBA","8","19"
"macaued01","1959","STL","NBA","46","29"
"marshto01","1959","CIN","NBA","19","56"
"mcguidi01","1959","DET","NBA","17","24"
"pollaji01","1959","MNL","NBA","14","25"
"rochare01","1959","DET","NBA","13","21"
"seymopa01","1959","SYR","NBA","45","30"
"auerbre01","1960","BOS","NBA","57","22"
"braunca01","1960","NYK","NBA","21","58"
"hannual01","1960","SYR","NBA","38","41"
"johnsne01","1960","PHW","NBA","46","33"
"mcguidi01","1960","DET","NBA","34","45"
"schaufr01","1960","LAL","NBA","36","43"
"seymopa01","1960","STL","NBA","51","28"
"wolfch01","1960","CIN","NBA","33","46"
"auerbre01","1961","BOS","NBA","60","20"
"dovoved01","1961","NYK","NBA","29","51"
"hannual01","1961","SYR","NBA","41","39"
"levanan01","1961","STL","NBA","20","40"
"mcguidi01","1961","DET","NBA","37","43"
"mcguifr01","1961","PHW","NBA","49","31"
"pettibo01","1961","STL","NBA","4","2"
"pollaji01","1961","CHP","NBA","18","62"
"schaufr01","1961","LAL","NBA","54","26"
"seymopa01","1961","STL","NBA","5","9"
"wolfch01","1961","CIN","NBA","43","37"
"auerbre01","1962","BOS","NBA","58","22"
"dovoved01","1962","NYK","NBA","21","59"
"feeribo01","1962","SFW","NBA","31","49"
"gallaha01","1962","STL","NBA","48","32"
"hannual01","1962","SYR","NBA","48","32"
"leonasl01","1962","CHZ","NBA","13","29"
"mcguidi01","1962","DET","NBA","34","46"
"mcmahja01","1962","CHZ","NBA","12","26"
"schaufr01","1962","LAL","NBA","53","27"
"wolfch01","1962","CIN","NBA","42","38"
"auerbre01","1963","BOS","NBA","59","21"
"dovoved01","1963","NYK","NBA","22","58"
"gallaha01","1963","STL","NBA","46","34"
"hannual01","1963","SFW","NBA","48","32"
"leonasl01","1963","BAL","NBA","31","49"
"mcmahja01","1963","CIN","NBA","55","25"
"schaufr01","1963","LAL","NBA","42","38"
"schaydo01","1963","PHI","NBA","34","46"
"wolfch01","1963","DET","NBA","23","57"
"auerbre01","1964","BOS","NBA","62","18"
"debusda01","1964","DET","NBA","29","40"
"dovoved01","1964","NYK","NBA","12","26"
"gallaha01","1964","NYK","NBA","19","23"
"gallaha01","1964","STL","NBA","17","16"
"gueriri01","1964","STL","NBA","28","19"
"hannual01","1964","SFW","NBA","17","63"
"jeannbu01","1964","BAL","NBA","37","43"
"mcmahja01","1964","CIN","NBA","48","32"
"schaufr01","1964","LAL","NBA","49","31"
"schaydo01","1964","PHI","NBA","40","40"
"wolfch01","1964","DET","NBA","2","9"
"auerbre01","1965","BOS","NBA","54","26"
"debusda01","1965","DET","NBA","22","58"
"gallaha01","1965","NYK","NBA","6","15"
"gueriri01","1965","STL","NBA","36","44"
"hannual01","1965","SFW","NBA","35","45"
"mcguidi01","1965","NYK","NBA","24","35"
"mcmahja01","1965","CIN","NBA","45","35"
"schaufr01","1965","LAL","NBA","45","35"
"schaydo01","1965","PHI","NBA","55","25"
"seymopa01","1965","BAL","NBA","38","42"
"butchdo01","1966","DET","NBA","2","6"
"debusda01","1966","DET","NBA","28","45"
"farmemi01","1966","BAL","NBA","1","8"
"gueriri01","1966","STL","NBA","39","42"
"hannual01","1966","PHI","NBA","68","13"
"jeannbu01","1966","BAL","NBA","3","13"
"kerrjo01","1966","CHI","NBA","33","48"
"mcguidi01","1966","NYK","NBA","36","45"
"mcmahja01","1966","CIN","NBA","39","42"
"russebi01","1966","BOS","NBA","60","21"
"schaufr01","1966","LAL","NBA","36","45"
"sharmbi01","1966","SFW","NBA","44","37"
"shuege01","1966","BAL","NBA","16","40"
"bassbo01","1967","DNR","ABA","45","33"
"biancal01","1967","SEA","NBA","23","59"
"brighal01","1967","ANA","ABA","12","24"
"butchdo01","1967","DET","NBA","40","42"
"cazzevi01","1967","PTP","ABA","54","24"
"dinneha01","1967","ANA","ABA","13","29"
"givenjo01","1967","KEN","ABA","5","12"
"gueriri01","1967","STL","NBA","56","26"
"hagancl01","1967","DLC","ABA","46","32"
"halebr01","1967","OAK","ABA","22","56"
"hannual01","1967","PHI","NBA","62","20"
"holzmre01","1967","NYK","NBA","28","17"
"juckeed01","1967","CIN","NBA","39","43"
"kerrjo01","1967","CHI","NBA","29","53"
"martisl01","1967","HSM","ABA","29","49"
"mccarba01","1967","NOB","ABA","48","30"
"mcguidi01","1967","NYK","NBA","15","22"
"mcmahja01","1967","SDR","NBA","15","67"
"pollaji01","1967","MNM","ABA","50","28"
"rhodege01","1967","KEN","ABA","31","30"
"russebi01","1967","BOS","NBA","54","28"
"sharmbi01","1967","SFW","NBA","43","39"
"shuege01","1967","BAL","NBA","36","46"
"stavela01","1967","INA","ABA","38","40"
"vanbrbu01","1967","LAL","NBA","52","30"
"zasloma01","1967","NJA","ABA","36","42"
"bassbo01","1968","DNR","ABA","44","34"
"biancal01","1968","SEA","NBA","30","52"
"butchdo01","1968","DET","NBA","10","12"
"costela01","1968","MIL","NBA","27","55"
"gueriri01","1968","ATL","NBA","48","34"
"hagancl01","1968","DLC","ABA","41","37"
"hannual01","1968","OAK","ABA","60","18"
"hardiji01","1968","MNP","ABA","18","8"
"hardiji01","1968","MNP","ABA","2","5"
"holzmre01","1968","NYK","NBA","54","28"
"juckeed01","1968","CIN","NBA","41","41"
"kerrjo01","1968","PHO","NBA","16","66"
"leege01","1968","SFW","NBA","41","41"
"leonasl01","1968","INA","ABA","42","27"
"martisl01","1968","HSM","ABA","3","9"
"mccarba01","1968","NOB","ABA","46","32"
"mcmahja01","1968","SDR","NBA","37","45"
"mikkeve01","1968","MNP","ABA","6","6"
"mottadi01","1968","CHI","NBA","33","49"
"pollaji01","1968","MMF","ABA","43","35"
"ramsaja01","1968","PHI","NBA","55","27"
"rhodege01","1968","KEN","ABA","42","36"
"russebi01","1968","BOS","NBA","48","34"
"seymopa01","1968","DET","NBA","22","38"
"sharmbi01","1968","LAS","ABA","33","45"
"shuege01","1968","BAL","NBA","57","25"
"stavela01","1968","INA","ABA","2","7"
"vanbrbu01","1968","LAL","NBA","55","27"
"weaveji01","1968","HSM","ABA","20","46"
"youngve01","1968","MNP","ABA","10","23"
"zasloma01","1968","NYA","ABA","17","61"
"attleal01","1969","SFW","NBA","8","22"
"belmojo01","1969","DNR","ABA","42","14"
"biancal01","1969","WSA","ABA","44","40"
"blitmha01","1969","MMF","ABA","18","46"
"clarkjo01","1969","PTP","ABA","14","25"
"colanje01","1969","PHO","NBA","24","20"
"costela01","1969","MIL","NBA","56","26"
"cousybo01","1969","CIN","NBA","36","46"
"gueriri01","1969","ATL","NBA","48","34"
"hagancl01","1969","DLC","ABA","22","21"
"hannual01","1969","SDR","NBA","18","38"
"heinsto01","1969","BOS","NBA","34","48"
"holzmre01","1969","NYK","NBA","60","22"
"jeannbu01","1969","PTP","ABA","15","30"
"kerrjo01","1969","PHO","NBA","15","23"
"laresyo01","1969","NYA","ABA","39","45"
"leege01","1969","SFW","NBA","22","30"
"leonasl01","1969","INA","ABA","59","25"
"mccarba01","1969","NOB","ABA","42","42"
"mckinbo01","1969","CAR","ABA","42","42"
"mclenjo01","1969","DNR","ABA","9","19"
"mcmahja01","1969","SDR","NBA","9","17"
"mottadi01","1969","CHI","NBA","39","43"
"mullajo01","1969","LAL","NBA","46","36"
"pollaji01","1969","MMF","ABA","5","15"
"ramsaja01","1969","PHI","NBA","42","40"
"rhodege01","1969","KEN","ABA","45","39"
"sharmbi01","1969","LAS","ABA","43","41"
"shuege01","1969","BAL","NBA","50","32"
"vanbrbu01","1969","DET","NBA","31","51"
"wilkele01","1969","SEA","NBA","36","46"
"willima05","1969","DLC","ABA","23","18"
"albecst01","1970","DNR","ABA","27","44"
"attleal01","1970","SFW","NBA","41","41"
"bassbo01","1970","FLO","ABA","19","17"
"belmojo01","1970","DNR","ABA","3","10"
"biancal01","1970","VIR","ABA","55","29"
"blakebi01","1970","TEX","ABA","25","40"
"blitmha01","1970","FLO","ABA","18","30"
"carnelo01","1970","NYA","ABA","40","44"
"costela01","1970","MIL","NBA","66","16"
"cousybo01","1970","CIN","NBA","33","49"
"fitchbi01","1970","CLE","NBA","15","67"
"fitzsco01","1970","PHO","NBA","48","34"
"grozaal01","1970","KEN","ABA","2","0"
"gueriri01","1970","ATL","NBA","36","46"
"hannual01","1970","SDR","NBA","40","42"
"heinsto01","1970","BOS","NBA","44","38"
"holzmre01","1970","NYK","NBA","52","30"
"leonasl01","1970","INA","ABA","58","26"
"mccarba01","1970","MMP","ABA","41","43"
"mckinbo01","1970","CAR","ABA","17","25"
"mcmahja01","1970","PTC","ABA","36","48"
"mottadi01","1970","CHI","NBA","51","31"
"mullajo01","1970","LAL","NBA","48","34"
"ramsaja01","1970","PHI","NBA","47","35"
"ramsefr01","1970","KEN","ABA","32","35"
"rhodege01","1970","KEN","ABA","10","5"
"schaydo01","1970","BUF","NBA","22","60"
"sharmbi01","1970","UTS","ABA","57","27"
"shuege01","1970","BAL","NBA","42","40"
"steelje01","1970","CAR","ABA","17","25"
"toddro01","1970","POR","NBA","29","53"
"vanbrbu01","1970","DET","NBA","45","37"
"wilkele01","1970","SEA","NBA","38","44"
"willima05","1970","TEX","ABA","5","14"
"anderla01","1971","UTS","ABA","60","24"
"attleal01","1971","GSW","NBA","51","31"
"bassbo01","1971","FLO","ABA","36","48"
"biancal01","1971","VIR","ABA","45","39"
"binstma01","1971","PTC","ABA","4","6"
"carnelo01","1971","NYA","ABA","44","40"
"costela01","1971","MIL","NBA","63","19"
"cousybo01","1971","CIN","NBA","30","52"
"dischte01","1971","DET","NBA","0","2"
"fitchbi01","1971","CLE","NBA","23","59"
"fitzsco01","1971","PHO","NBA","49","33"
"gueriri01","1971","ATL","NBA","36","46"
"hannual01","1971","DNR","ABA","34","50"
"heinsto01","1971","BOS","NBA","56","26"
"holzmre01","1971","NYK","NBA","48","34"
"inmanst01","1971","POR","NBA","6","20"
"leonasl01","1971","INA","ABA","47","37"
"lloydea01","1971","DET","NBA","20","50"
"mccarba01","1971","MMP","ABA","26","58"
"mccarjo01","1971","BUF","NBA","22","59"
"mcmahja01","1971","PTC","ABA","21","53"
"meschto01","1971","CAR","ABA","35","49"
"mottadi01","1971","CHI","NBA","57","25"
"mullajo01","1971","KEN","ABA","68","16"
"nissato01","1971","DLC","ABA","42","42"
"ramsaja01","1971","PHI","NBA","30","52"
"schaydo01","1971","BUF","NBA","0","1"
"sharmbi01","1971","LAL","NBA","69","13"
"shuege01","1971","BAL","NBA","38","44"
"toddro01","1971","POR","NBA","12","44"
"vanbrbu01","1971","DET","NBA","6","4"
"wilkele01","1971","SEA","NBA","47","35"
"wintete01","1971","HOU","NBA","34","48"
"anderla01","1972","UTS","ABA","55","29"
"attleal01","1972","GSW","NBA","47","35"
"bassbo01","1972","MMT","ABA","24","60"
"biancal01","1972","VIR","ABA","42","42"
"brownda03","1972","DLC","ABA","4","8"
"brownla01","1972","CAR","ABA","57","27"
"buckwbu01","1972","SEA","NBA","13","24"
"carnelo01","1972","NYA","ABA","30","54"
"colanje01","1972","PHO","NBA","35","40"
"costela01","1972","MIL","NBA","60","22"
"cousybo01","1972","KCO","NBA","36","46"
"eganjo01","1972","HOU","NBA","16","19"
"fitchbi01","1972","CLE","NBA","32","50"
"fitzsco01","1972","ATL","NBA","46","36"
"hannual01","1972","DNR","ABA","47","37"
"heinsto01","1972","BOS","NBA","68","14"
"holzmre01","1972","NYK","NBA","57","25"
"joneskc01","1972","SDA","ABA","30","54"
"leonasl01","1972","INA","ABA","51","33"
"lloydea01","1972","DET","NBA","2","5"
"loughke01","1972","PHI","NBA","5","26"
"mccarba01","1972","DLC","ABA","24","48"
"mccloja01","1972","POR","NBA","21","61"
"mottadi01","1972","CHI","NBA","51","31"
"mullajo01","1972","KEN","ABA","56","28"
"nissato01","1972","SEA","NBA","13","32"
"ramsaja01","1972","BUF","NBA","21","61"
"rubinro01","1972","PHI","NBA","4","47"
"scottra01","1972","DET","NBA","38","37"
"sharmbi01","1972","LAL","NBA","60","22"
"shuege01","1972","BAL","NBA","52","30"
"vanbrbu01","1972","PHO","NBA","3","4"
"wintete01","1972","HOU","NBA","17","30"
"attleal01","1973","GSW","NBA","44","38"
"biancal01","1973","VIR","ABA","28","56"
"brownla01","1973","CAR","ABA","47","37"
"chambwi01","1973","SDA","ABA","37","47"
"costela01","1973","MIL","NBA","59","23"
"cousybo01","1973","KCO","NBA","6","16"
"eganjo01","1973","HOU","NBA","32","50"
"fitchbi01","1973","CLE","NBA","29","53"
"fitzsco01","1973","ATL","NBA","35","47"
"hannual01","1973","DNR","ABA","37","47"
"heinsto01","1973","BOS","NBA","56","26"
"holzmre01","1973","NYK","NBA","49","33"
"johnsph01","1973","KCO","NBA","27","30"
"joneskc01","1973","CAP","NBA","47","35"
"leonasl01","1973","INA","ABA","46","38"
"loughke01","1973","NYA","ABA","55","29"
"maclejo01","1973","PHO","NBA","30","52"
"mccarba01","1973","KEN","ABA","53","31"
"mccloja01","1973","POR","NBA","27","55"
"mottadi01","1973","CHI","NBA","54","28"
"mullajo01","1973","UTS","ABA","51","33"
"nissato01","1973","SAA","ABA","45","39"
"ramsaja01","1973","BUF","NBA","42","40"
"russebi01","1973","SEA","NBA","36","46"
"scottra01","1973","DET","NBA","52","30"
"sharmbi01","1973","LAL","NBA","47","35"
"shuege01","1973","PHI","NBA","25","57"
"vanbrbu01","1973","MMT","ABA","21","63"
"youngdr01","1973","KCO","NBA","0","3"
"attleal01","1974","GSW","NBA","48","34"
"bassbo01","1974","SAA","ABA","33","23"
"bayloel01","1974","NOJ","NBA","0","1"
"biancal01","1974","VIR","ABA","15","69"
"brownhu01","1974","KEN","ABA","58","26"
"brownla01","1974","DNA","ABA","65","19"
"buckwbu01","1974","UTS","ABA","24","32"
"costela01","1974","MIL","NBA","38","44"
"eganjo01","1974","HOU","NBA","41","41"
"fitchbi01","1974","CLE","NBA","40","42"
"fitzsco01","1974","ATL","NBA","31","51"
"grozaal01","1974","SDA","ABA","15","23"
"heinsto01","1974","BOS","NBA","60","22"
"holzmre01","1974","NYK","NBA","40","42"
"johnsph01","1974","KCO","NBA","44","38"
"joneskc01","1974","WSB","NBA","60","22"
"leonasl01","1974","INA","ABA","45","39"
"loughke01","1974","NYA","ABA","58","26"
"mackibo01","1974","SSL","ABA","32","52"
"maclejo01","1974","PHO","NBA","32","50"
"mottadi01","1974","CHI","NBA","47","35"
"mullajo01","1974","MMS","ABA","27","57"
"nissato01","1974","SAA","ABA","18","10"
"nissato01","1974","UTS","ABA","14","14"
"ramsaja01","1974","BUF","NBA","49","33"
"robersc01","1974","NOJ","NBA","1","14"
"russebi01","1974","SEA","NBA","43","39"
"scottra01","1974","DET","NBA","40","42"
"sharmbi01","1974","LAL","NBA","30","52"
"shiplbe01","1974","SDA","ABA","16","30"
"shuege01","1974","PHI","NBA","34","48"
"vanbrbu01","1974","NOJ","NBA","22","44"
"wilkele01","1974","POR","NBA","38","44"
"ankerja01","1975","VIR","ABA","1","1"
"attleal01","1975","GSW","NBA","59","23"
"bassbo01","1975","SAA","ABA","50","34"
"beatyze01","1975","VIR","ABA","9","33"
"biancal01","1975","VIR","ABA","1","6"
"brownhe01","1975","DET","NBA","19","21"
"brownhu01","1975","KEN","ABA","46","38"
"brownla01","1975","DNA","ABA","60","24"
"calvima01","1975","VIR","ABA","0","6"
"costela01","1975","MIL","NBA","38","44"
"eganjo01","1975","HOU","NBA","40","42"
"fitchbi01","1975","CLE","NBA","49","33"
"fitzsco01","1975","ATL","NBA","28","46"
"heinsto01","1975","BOS","NBA","54","28"
"holzmre01","1975","NYK","NBA","38","44"
"johnsph01","1975","KCK","NBA","31","51"
"joneskc01","1975","WSB","NBA","48","34"
"leonasl01","1975","INA","ABA","39","45"
"loughke01","1975","NYA","ABA","55","29"
"maclejo01","1975","PHO","NBA","42","40"
"mottadi01","1975","CHI","NBA","24","58"
"mullajo01","1975","SSL","ABA","15","22"
"mussebi01","1975","SDS","ABA","3","8"
"mussebi01","1975","VIR","ABA","4","22"
"nissato01","1975","UTS","ABA","4","12"
"ramsaja01","1975","BUF","NBA","46","36"
"russebi01","1975","SEA","NBA","43","39"
"scottra01","1975","DET","NBA","17","25"
"sharmbi01","1975","LAL","NBA","40","42"
"shuege01","1975","PHI","NBA","46","36"
"thornro01","1975","SSL","ABA","20","27"
"tormobu01","1975","ATL","NBA","1","7"
"vanbrbu01","1975","NOJ","NBA","38","44"
"wilkele01","1975","POR","NBA","37","45"
"attleal01","1976","GSW","NBA","46","36"
"badgeed01","1976","CHI","NBA","44","38"
"bayloel01","1976","NOJ","NBA","21","35"
"brownhe01","1976","DET","NBA","44","38"
"brownhu01","1976","ATL","NBA","31","51"
"brownla01","1976","DEN","NBA","50","32"
"costela01","1976","MIL","NBA","3","15"
"fitchbi01","1976","CLE","NBA","43","39"
"heinsto01","1976","BOS","NBA","44","38"
"holzmre01","1976","NYK","NBA","40","42"
"johnsph01","1976","KCK","NBA","40","42"
"leonasl01","1976","IND","NBA","36","46"
"locketa01","1976","BUF","NBA","16","30"
"loughke01","1976","NYN","NBA","22","60"
"mackibo01","1976","BUF","NBA","3","4"
"maclejo01","1976","PHO","NBA","34","48"
"moedo01","1976","SAS","NBA","44","38"
"mottadi01","1976","WSB","NBA","48","34"
"mullajo01","1976","BUF","NBA","11","18"
"nelsodo01","1976","MIL","NBA","27","37"
"nissato01","1976","HOU","NBA","49","33"
"ramsaja01","1976","POR","NBA","49","33"
"russebi01","1976","SEA","NBA","40","42"
"shuege01","1976","PHI","NBA","50","32"
"vanbrbu01","1976","NOJ","NBA","14","12"
"westje01","1976","LAL","NBA","53","29"
"attleal01","1977","GSW","NBA","43","39"
"badgeed01","1977","CHI","NBA","40","42"
"bayloel01","1977","NOJ","NBA","39","43"
"brownhe01","1977","DET","NBA","9","15"
"brownhu01","1977","ATL","NBA","41","41"
"brownla01","1977","DEN","NBA","48","34"
"cunnibi01","1977","PHI","NBA","53","23"
"fitchbi01","1977","CLE","NBA","43","39"
"fitzsco01","1977","BUF","NBA","27","55"
"heinsto01","1977","BOS","NBA","11","23"
"hopkibo01","1977","SEA","NBA","5","17"
"johnsph01","1977","KCK","NBA","13","24"
"kauffbo01","1977","DET","NBA","29","29"
"leonasl01","1977","IND","NBA","31","51"
"loughke01","1977","NJN","NBA","24","58"
"maclejo01","1977","PHO","NBA","49","33"
"moedo01","1977","SAS","NBA","52","30"
"mottadi01","1977","WSB","NBA","44","38"
"nelsodo01","1977","MIL","NBA","44","38"
"nissato01","1977","HOU","NBA","28","54"
"ramsaja01","1977","POR","NBA","58","24"
"reedwi01","1977","NYK","NBA","43","39"
"sandeto01","1977","BOS","NBA","21","27"
"shuege01","1977","PHI","NBA","2","4"
"stavela01","1977","KCK","NBA","18","27"
"westje01","1977","LAL","NBA","45","37"
"wilkele01","1977","SEA","NBA","42","18"
"attleal01","1978","GSW","NBA","38","44"
"bayloel01","1978","NOJ","NBA","26","56"
"brownhu01","1978","ATL","NBA","46","36"
"brownla01","1978","DEN","NBA","28","25"
"costela01","1978","CHI","NBA","20","36"
"cowenda01","1978","BOS","NBA","27","41"
"cunnibi01","1978","PHI","NBA","47","35"
"fitchbi01","1978","CLE","NBA","30","52"
"fitzsco01","1978","KCK","NBA","48","34"
"holzmre01","1978","NYK","NBA","25","43"
"leonasl01","1978","IND","NBA","38","44"
"loughke01","1978","NJN","NBA","37","45"
"maclejo01","1978","PHO","NBA","50","32"
"moedo01","1978","SAS","NBA","48","34"
"mottadi01","1978","WSB","NBA","54","28"
"nelsodo01","1978","MIL","NBA","38","44"
"nissato01","1978","HOU","NBA","47","35"
"ramsaja01","1978","POR","NBA","45","37"
"reedwi01","1978","NYK","NBA","6","8"
"robersc01","1978","CHI","NBA","11","15"
"sandeto01","1978","BOS","NBA","2","12"
"shuege01","1978","SDC","NBA","43","39"
"vitaldi01","1978","DET","NBA","30","52"
"walshdo01","1978","DEN","NBA","19","10"
"westje01","1978","LAL","NBA","47","35"
"wilkele01","1978","SEA","NBA","52","30"
"adubari01","1979","DET","NBA","12","58"
"albecst01","1979","CLE","NBA","37","45"
"attleal01","1979","GSW","NBA","18","43"
"bachjo01","1979","GSW","NBA","6","15"
"bassbo01","1979","SAS","NBA","8","8"
"brownhu01","1979","ATL","NBA","50","32"
"cunnibi01","1979","PHI","NBA","59","23"
"fitchbi01","1979","BOS","NBA","61","21"
"fitzsco01","1979","KCK","NBA","47","35"
"harride02","1979","HOU","NBA","41","41"
"holzmre01","1979","NYK","NBA","39","43"
"leonasl01","1979","IND","NBA","37","45"
"loughke01","1979","NJN","NBA","34","48"
"maclejo01","1979","PHO","NBA","55","27"
"mckinja01","1979","LAL","NBA","10","4"
"moedo01","1979","SAS","NBA","33","33"
"mottadi01","1979","WSB","NBA","39","43"
"nelsodo01","1979","MIL","NBA","49","33"
"nissato01","1979","UTA","NBA","24","58"
"ramsaja01","1979","POR","NBA","38","44"
"shuege01","1979","SDC","NBA","35","47"
"sloanje01","1979","CHI","NBA","30","52"
"vitaldi01","1979","DET","NBA","4","8"
"walshdo01","1979","DEN","NBA","30","52"
"westhpa01","1979","LAL","NBA","50","18"
"wilkele01","1979","SEA","NBA","56","26"
"albecst01","1980","SAS","NBA","52","30"
"attleal01","1980","GSW","NBA","39","43"
"brownhu01","1980","ATL","NBA","31","48"
"cunnibi01","1980","PHI","NBA","62","20"
"delando01","1980","CLE","NBA","3","8"
"fitchbi01","1980","BOS","NBA","62","20"
"fitzsco01","1980","KCK","NBA","40","42"
"fratemi01","1980","ATL","NBA","0","3"
"harride02","1980","HOU","NBA","40","42"
"holzmre01","1980","NYK","NBA","50","32"
"loughke01","1980","NJN","NBA","12","23"
"mackibo01","1980","NJN","NBA","12","35"
"maclejo01","1980","PHO","NBA","57","25"
"mckinja01","1980","IND","NBA","44","38"
"moedo01","1980","DEN","NBA","26","25"
"mottadi01","1980","DAL","NBA","15","67"
"mussebi01","1980","CLE","NBA","25","46"
"nelsodo01","1980","MIL","NBA","60","22"
"nissato01","1980","UTA","NBA","28","54"
"ramsaja01","1980","POR","NBA","45","37"
"robersc01","1980","DET","NBA","21","61"
"shuege01","1980","WSB","NBA","39","43"
"silaspa01","1980","SDC","NBA","36","46"
"sloanje01","1980","CHI","NBA","45","37"
"walshdo01","1980","DEN","NBA","11","20"
"westhpa01","1980","LAL","NBA","54","28"
"wilkele01","1980","SEA","NBA","34","48"
"albecst01","1981","SAS","NBA","48","34"
"attleal01","1981","GSW","NBA","45","37"
"brownla01","1981","NJN","NBA","44","38"
"cunnibi01","1981","PHI","NBA","58","24"
"dalych01","1981","CLE","NBA","9","32"
"delando01","1981","CLE","NBA","4","11"
"fitchbi01","1981","BOS","NBA","63","19"
"fitzsco01","1981","KCK","NBA","30","52"
"harride02","1981","HOU","NBA","46","36"
"holzmre01","1981","NYK","NBA","33","49"
"johnsph01","1981","CHI","NBA","0","1"
"kloppbo01","1981","CLE","NBA","0","3"
"laydefr01","1981","UTA","NBA","17","45"
"loughke01","1981","ATL","NBA","42","40"
"maclejo01","1981","PHO","NBA","46","36"
"mckinja01","1981","IND","NBA","35","47"
"moedo01","1981","DEN","NBA","46","36"
"mottadi01","1981","DAL","NBA","28","54"
"mussebi01","1981","CLE","NBA","2","21"
"nelsodo01","1981","MIL","NBA","55","27"
"nissato01","1981","UTA","NBA","8","12"
"ramsaja01","1981","POR","NBA","42","40"
"rileypa01","1981","LAL","NBA","50","21"
"robersc01","1981","DET","NBA","39","43"
"shuege01","1981","WSB","NBA","43","39"
"silaspa01","1981","SDC","NBA","17","65"
"sloanje01","1981","CHI","NBA","19","32"
"thornro01","1981","CHI","NBA","15","15"
"westhpa01","1981","LAL","NBA","7","4"
"wilkele01","1981","SEA","NBA","52","30"
"albecst01","1982","SAS","NBA","53","29"
"attleal01","1982","GSW","NBA","30","52"
"blairbi01","1982","NJN","NBA","2","4"
"brownhu01","1982","NYK","NBA","44","38"
"brownla01","1982","NJN","NBA","47","29"
"cunnibi01","1982","PHI","NBA","65","17"
"fitchbi01","1982","BOS","NBA","56","26"
"fitzsco01","1982","KCK","NBA","45","37"
"harride02","1982","HOU","NBA","14","68"
"laydefr01","1982","UTA","NBA","30","52"
"loughke01","1982","ATL","NBA","43","39"
"maclejo01","1982","PHO","NBA","53","29"
"mckinja01","1982","IND","NBA","20","62"
"moedo01","1982","DEN","NBA","45","37"
"mottadi01","1982","DAL","NBA","38","44"
"nelsodo01","1982","MIL","NBA","51","31"
"nissato01","1982","CLE","NBA","23","59"
"ramsaja01","1982","POR","NBA","46","36"
"rileypa01","1982","LAL","NBA","58","24"
"robersc01","1982","DET","NBA","37","45"
"shuege01","1982","WSB","NBA","42","40"
"silaspa01","1982","SDC","NBA","25","57"
"westhpa01","1982","CHI","NBA","28","54"
"wilkele01","1982","SEA","NBA","48","34"
"albecst01","1983","NJN","NBA","45","37"
"bachjo01","1983","GSW","NBA","37","45"
"bassbo01","1983","SAS","NBA","26","25"
"brownhu01","1983","NYK","NBA","47","35"
"cunnibi01","1983","PHI","NBA","52","30"
"dalych01","1983","DET","NBA","49","33"
"fitchbi01","1983","HOU","NBA","29","53"
"fitzsco01","1983","KCK","NBA","38","44"
"fratemi01","1983","ATL","NBA","40","42"
"joneskc01","1983","BOS","NBA","62","20"
"laydefr01","1983","UTA","NBA","45","37"
"loughke01","1983","CHI","NBA","27","55"
"lynamji01","1983","SDC","NBA","30","52"
"maclejo01","1983","PHO","NBA","41","41"
"mchonmo01","1983","SAS","NBA","11","20"
"mckinja01","1983","IND","NBA","26","56"
"moedo01","1983","DEN","NBA","38","44"
"mottadi01","1983","DAL","NBA","43","39"
"nelsodo01","1983","MIL","NBA","50","32"
"nissato01","1983","CLE","NBA","28","54"
"ramsaja01","1983","POR","NBA","48","34"
"rileypa01","1983","LAL","NBA","54","28"
"shuege01","1983","WSB","NBA","35","47"
"wilkele01","1983","SEA","NBA","42","40"
"albecst01","1984","NJN","NBA","42","40"
"bachjo01","1984","GSW","NBA","22","60"
"brownhu01","1984","NYK","NBA","24","58"
"chanedo01","1984","LAC","NBA","9","12"
"cunnibi01","1984","PHI","NBA","58","24"
"dalych01","1984","DET","NBA","46","36"
"fitchbi01","1984","HOU","NBA","48","34"
"fitzsco01","1984","SAS","NBA","41","41"
"fratemi01","1984","ATL","NBA","34","48"
"irvinge01","1984","IND","NBA","22","60"
"johnsph01","1984","KCK","NBA","30","43"
"joneskc01","1984","BOS","NBA","63","19"
"karlge01","1984","CLE","NBA","36","46"
"laydefr01","1984","UTA","NBA","41","41"
"loughke01","1984","CHI","NBA","38","44"
"lynamji01","1984","LAC","NBA","22","39"
"maclejo01","1984","PHO","NBA","36","46"
"mckinja01","1984","KCK","NBA","1","8"
"moedo01","1984","DEN","NBA","52","30"
"mottadi01","1984","DAL","NBA","44","38"
"nelsodo01","1984","MIL","NBA","59","23"
"ramsaja01","1984","POR","NBA","42","40"
"rileypa01","1984","LAL","NBA","62","20"
"shuege01","1984","WSB","NBA","40","42"
"wilkele01","1984","SEA","NBA","31","51"
"albecst01","1985","CHI","NBA","30","52"
"bachjo01","1985","GSW","NBA","30","52"
"bickebe01","1985","SEA","NBA","31","51"
"brownhu01","1985","NYK","NBA","23","59"
"chanedo01","1985","LAC","NBA","32","50"
"dalych01","1985","DET","NBA","46","36"
"fitchbi01","1985","HOU","NBA","51","31"
"fitzsco01","1985","SAS","NBA","35","47"
"fratemi01","1985","ATL","NBA","50","32"
"guokama02","1985","PHI","NBA","54","28"
"irvinge01","1985","IND","NBA","26","56"
"johnsph01","1985","SAC","NBA","37","45"
"joneskc01","1985","BOS","NBA","67","15"
"karlge01","1985","CLE","NBA","25","42"
"laydefr01","1985","UTA","NBA","42","40"
"littlge01","1985","CLE","NBA","4","11"
"loughke01","1985","WSB","NBA","7","6"
"maclejo01","1985","PHO","NBA","32","50"
"moedo01","1985","DEN","NBA","47","35"
"mottadi01","1985","DAL","NBA","44","38"
"nelsodo01","1985","MIL","NBA","57","25"
"ramsaja01","1985","POR","NBA","40","42"
"rileypa01","1985","LAL","NBA","62","20"
"shuege01","1985","WSB","NBA","32","37"
"wohlda01","1985","NJN","NBA","39","43"
"bickebe01","1986","SEA","NBA","39","43"
"brownhu01","1986","NYK","NBA","4","12"
"chanedo01","1986","LAC","NBA","12","70"
"collido01","1986","CHI","NBA","40","42"
"dalych01","1986","DET","NBA","52","30"
"fitchbi01","1986","HOU","NBA","42","40"
"fratemi01","1986","ATL","NBA","57","25"
"guokama02","1986","PHI","NBA","45","37"
"hillbo01","1986","NYK","NBA","20","46"
"johnsph01","1986","SAC","NBA","14","32"
"joneskc01","1986","BOS","NBA","59","23"
"karlge01","1986","GSW","NBA","42","40"
"laydefr01","1986","UTA","NBA","44","38"
"loughke01","1986","WSB","NBA","42","40"
"maclejo01","1986","PHO","NBA","22","34"
"moedo01","1986","DEN","NBA","37","45"
"mottadi01","1986","DAL","NBA","55","27"
"nelsodo01","1986","MIL","NBA","50","32"
"ramsaja01","1986","IND","NBA","41","41"
"reynoje02","1986","SAC","NBA","15","21"
"rileypa01","1986","LAL","NBA","65","17"
"schulmi01","1986","POR","NBA","49","33"
"vanardi01","1986","PHO","NBA","14","12"
"weissbo01","1986","SAS","NBA","28","54"
"wilkele01","1986","CLE","NBA","31","51"
"wohlda01","1986","NJN","NBA","24","58"
"bickebe01","1987","SEA","NBA","44","38"
"collido01","1987","CHI","NBA","50","32"
"dalych01","1987","DET","NBA","54","28"
"fitchbi01","1987","HOU","NBA","46","36"
"fratemi01","1987","ATL","NBA","50","32"
"gregoed01","1987","GSW","NBA","4","14"
"guokama02","1987","PHI","NBA","20","23"
"harride02","1987","MIL","NBA","42","40"
"joneskc01","1987","BOS","NBA","57","25"
"karlge01","1987","GSW","NBA","16","48"
"laydefr01","1987","UTA","NBA","47","35"
"loughke01","1987","WSB","NBA","8","19"
"lynamji01","1987","PHI","NBA","16","23"
"mackibo01","1987","NJN","NBA","10","29"
"maclejo01","1987","DAL","NBA","53","29"
"moedo01","1987","DEN","NBA","54","28"
"pitinri01","1987","NYK","NBA","38","44"
"ramsaja01","1987","IND","NBA","38","44"
"reedwi01","1987","NJN","NBA","7","21"
"reynoje02","1987","SAC","NBA","7","17"
"rileypa01","1987","LAL","NBA","62","20"
"russebi01","1987","SAC","NBA","17","41"
"schulmi01","1987","POR","NBA","53","29"
"shuege01","1987","LAC","NBA","17","65"
"unselwe01","1987","WSB","NBA","30","25"
"weissbo01","1987","SAS","NBA","31","51"
"wetzejo01","1987","PHO","NBA","28","54"
"wilkele01","1987","CLE","NBA","42","40"
"wohlda01","1987","NJN","NBA","2","13"
"adelmri01","1988","POR","NBA","14","21"
"bickebe01","1988","SEA","NBA","46","30"
"brownla01","1988","SAS","NBA","21","61"
"caseydo01","1988","LAC","NBA","11","33"
"chanedo01","1988","HOU","NBA","45","37"
"collido01","1988","CHI","NBA","47","35"
"dalych01","1988","DET","NBA","63","19"
"danieme01","1988","IND","NBA","0","2"
"fitzsco01","1988","PHO","NBA","55","27"
"fratemi01","1988","ATL","NBA","52","30"
"harride02","1988","MIL","NBA","49","33"
"hartedi01","1988","CHH","NBA","20","62"
"irvinge01","1988","IND","NBA","6","14"
"kloppbo01","1988","SEA","NBA","1","4"
"laydefr01","1988","UTA","NBA","11","6"
"lynamji01","1988","PHI","NBA","46","36"
"maclejo01","1988","DAL","NBA","38","44"
"moedo01","1988","DEN","NBA","44","38"
"nelsodo01","1988","GSW","NBA","43","39"
"newelto01","1988","SEA","NBA","0","1"
"pitinri01","1988","NYK","NBA","52","30"
"ramsaja01","1988","IND","NBA","0","7"
"reedwi01","1988","NJN","NBA","26","56"
"reynoje02","1988","SAC","NBA","27","55"
"rileypa01","1988","LAL","NBA","57","25"
"rodgeji01","1988","BOS","NBA","42","40"
"rothsro01","1988","MIA","NBA","15","67"
"schulmi01","1988","POR","NBA","25","22"
"shuege01","1988","LAC","NBA","10","28"
"sloanje01","1988","UTA","NBA","40","25"
"unselwe01","1988","WSB","NBA","40","42"
"versadi01","1988","IND","NBA","22","31"
"wilkele01","1988","CLE","NBA","57","25"
"adelmri01","1989","POR","NBA","59","23"
"adubari01","1989","DAL","NBA","42","29"
"bickebe01","1989","SEA","NBA","41","41"
"brownla01","1989","SAS","NBA","56","26"
"caseydo01","1989","LAC","NBA","30","52"
"chanedo01","1989","HOU","NBA","41","41"
"dalych01","1989","DET","NBA","59","23"
"fitchbi01","1989","NJN","NBA","17","65"
"fitzsco01","1989","PHO","NBA","54","28"
"fratemi01","1989","ATL","NBA","41","41"
"guokama02","1989","ORL","NBA","18","64"
"harride02","1989","MIL","NBA","44","38"
"hartedi01","1989","CHH","NBA","8","32"
"jacksph01","1989","CHI","NBA","55","27"
"jacksst03","1989","NYK","NBA","45","37"
"littlge01","1989","CHH","NBA","11","31"
"lynamji01","1989","PHI","NBA","53","29"
"maclejo01","1989","DAL","NBA","5","6"
"moedo01","1989","DEN","NBA","43","39"
"mottadi01","1989","SAC","NBA","16","38"
"mussebi01","1989","MIN","NBA","22","60"
"nelsodo01","1989","GSW","NBA","37","45"
"reynoje02","1989","SAC","NBA","7","21"
"rileypa01","1989","LAL","NBA","63","19"
"rodgeji01","1989","BOS","NBA","52","30"
"rothsro01","1989","MIA","NBA","18","64"
"sloanje01","1989","UTA","NBA","55","27"
"unselwe01","1989","WSB","NBA","31","51"
"versadi01","1989","IND","NBA","42","40"
"wilkele01","1989","CLE","NBA","42","40"
"adelmri01","1990","POR","NBA","63","19"
"adubari01","1990","DAL","NBA","28","54"
"brownla01","1990","SAS","NBA","55","27"
"chanedo01","1990","HOU","NBA","52","30"
"dalych01","1990","DET","NBA","50","32"
"dunlemi01","1990","LAL","NBA","58","24"
"fitchbi01","1990","NJN","NBA","26","56"
"fitzsco01","1990","PHO","NBA","55","27"
"fordch01","1990","BOS","NBA","56","26"
"guokama02","1990","ORL","NBA","31","51"
"harride02","1990","MIL","NBA","48","34"
"hillbo01","1990","IND","NBA","32","25"
"jacksph01","1990","CHI","NBA","61","21"
"jacksst03","1990","NYK","NBA","7","8"
"joneskc01","1990","SEA","NBA","41","41"
"littlge01","1990","CHH","NBA","26","56"
"lynamji01","1990","PHI","NBA","44","38"
"maclejo01","1990","NYK","NBA","32","35"
"mottadi01","1990","SAC","NBA","25","57"
"mussebi01","1990","MIN","NBA","29","53"
"nelsodo01","1990","GSW","NBA","44","38"
"rothsro01","1990","MIA","NBA","24","58"
"schulmi01","1990","LAC","NBA","31","51"
"sloanje01","1990","UTA","NBA","54","28"
"unselwe01","1990","WSB","NBA","30","52"
"versadi01","1990","IND","NBA","9","16"
"weissbo01","1990","ATL","NBA","43","39"
"westhpa01","1990","DEN","NBA","20","62"
"wilkele01","1990","CLE","NBA","33","49"
"adelmri01","1991","POR","NBA","57","25"
"adubari01","1991","DAL","NBA","22","60"
"bassbo01","1991","SAS","NBA","26","18"
"bristal01","1991","CHH","NBA","31","51"
"brownla01","1991","LAC","NBA","23","12"
"brownla01","1991","SAS","NBA","21","17"
"calvima01","1991","LAC","NBA","1","1"
"chanedo01","1991","HOU","NBA","26","26"
"dalych01","1991","DET","NBA","48","34"
"dunlemi01","1991","LAL","NBA","43","39"
"fitchbi01","1991","NJN","NBA","40","42"
"fitzsco01","1991","PHO","NBA","53","29"
"fordch01","1991","BOS","NBA","51","31"
"guokama02","1991","ORL","NBA","21","61"
"hamblfr01","1991","MIL","NBA","23","42"
"harride02","1991","MIL","NBA","8","9"
"hillbo01","1991","IND","NBA","40","42"
"hughere01","1991","SAC","NBA","22","35"
"jacksph01","1991","CHI","NBA","67","15"
"joneskc01","1991","SEA","NBA","18","18"
"karlge01","1991","SEA","NBA","27","15"
"kloppbo01","1991","SEA","NBA","2","2"
"loughke01","1991","MIA","NBA","38","44"
"lynamji01","1991","PHI","NBA","35","47"
"mottadi01","1991","SAC","NBA","7","18"
"nelsodo01","1991","GSW","NBA","55","27"
"rileypa01","1991","NYK","NBA","51","31"
"rodgeji01","1991","MIN","NBA","15","67"
"schulmi01","1991","LAC","NBA","21","24"
"sloanje01","1991","UTA","NBA","55","27"
"tomjaru01","1991","HOU","NBA","16","14"
"unselwe01","1991","WSB","NBA","25","57"
"weissbo01","1991","ATL","NBA","38","44"
"westhpa01","1991","DEN","NBA","24","58"
"wilkele01","1991","CLE","NBA","57","25"
"adelmri01","1992","POR","NBA","51","31"
"adubari01","1992","DAL","NBA","2","27"
"bristal01","1992","CHH","NBA","44","38"
"brownla01","1992","LAC","NBA","41","41"
"cartefr01","1992","PHI","NBA","7","19"
"dalych01","1992","NJN","NBA","43","39"
"dunlemi01","1992","MIL","NBA","28","54"
"fordch01","1992","BOS","NBA","48","34"
"guokama02","1992","ORL","NBA","41","41"
"heardga01","1992","DAL","NBA","9","44"
"hillbo01","1992","IND","NBA","41","41"
"hughere01","1992","SAS","NBA","1","0"
"isselda01","1992","DEN","NBA","36","46"
"jacksph01","1992","CHI","NBA","57","25"
"karlge01","1992","SEA","NBA","55","27"
"loughke01","1992","MIA","NBA","36","46"
"lowesi01","1992","MIN","NBA","13","40"
"lucasjo01","1992","SAS","NBA","39","22"
"moedo01","1992","PHI","NBA","19","37"
"nelsodo01","1992","GSW","NBA","34","48"
"pfundra01","1992","LAL","NBA","39","43"
"rileypa01","1992","NYK","NBA","60","22"
"rodgeji01","1992","MIN","NBA","6","23"
"rothsro01","1992","DET","NBA","40","42"
"sloanje01","1992","UTA","NBA","47","35"
"stjeaga01","1992","SAC","NBA","25","57"
"tarkaje01","1992","SAS","NBA","9","11"
"tomjaru01","1992","HOU","NBA","55","27"
"unselwe01","1992","WSB","NBA","22","60"
"weissbo01","1992","ATL","NBA","43","39"
"westppa01","1992","PHO","NBA","62","20"
"wilkele01","1992","CLE","NBA","54","28"
"adelmri01","1993","POR","NBA","47","35"
"bertkbi01","1993","LAL","NBA","1","1"
"bristal01","1993","CHH","NBA","41","41"
"brownla01","1993","IND","NBA","47","35"
"bucknqu01","1993","DAL","NBA","13","69"
"cartefr01","1993","PHI","NBA","25","57"
"chanedo01","1993","DET","NBA","20","62"
"dalych01","1993","NJN","NBA","45","37"
"dunlemi01","1993","MIL","NBA","20","62"
"fordch01","1993","BOS","NBA","32","50"
"fratemi01","1993","CLE","NBA","47","35"
"hillbr01","1993","ORL","NBA","50","32"
"isselda01","1993","DEN","NBA","42","40"
"jacksph01","1993","CHI","NBA","55","27"
"johnsma02","1993","LAL","NBA","5","11"
"karlge01","1993","SEA","NBA","63","19"
"loughke01","1993","MIA","NBA","42","40"
"lowesi01","1993","MIN","NBA","20","62"
"lucasjo01","1993","SAS","NBA","55","27"
"nelsodo01","1993","GSW","NBA","50","32"
"pfundra01","1993","LAL","NBA","27","37"
"rileypa01","1993","NYK","NBA","57","25"
"sloanje01","1993","UTA","NBA","53","29"
"stjeaga01","1993","SAC","NBA","28","54"
"tomjaru01","1993","HOU","NBA","58","24"
"unselwe01","1993","WSB","NBA","24","58"
"weissbo01","1993","LAC","NBA","27","55"
"westppa01","1993","PHO","NBA","56","26"
"wilkele01","1993","ATL","NBA","57","25"
"beardbu01","1994","NJN","NBA","30","52"
"bickebe01","1994","DEN","NBA","20","12"
"blairbi01","1994","MIN","NBA","21","61"
"bristal01","1994","CHH","NBA","50","32"
"brownla01","1994","IND","NBA","52","30"
"carlepj01","1994","POR","NBA","44","38"
"chanedo01","1994","DET","NBA","28","54"
"dunlemi01","1994","MIL","NBA","34","48"
"fitchbi01","1994","LAC","NBA","17","65"
"fordch01","1994","BOS","NBA","35","47"
"fratemi01","1994","CLE","NBA","43","39"
"gentral01","1994","MIA","NBA","15","21"
"harride02","1994","LAL","NBA","48","34"
"hillbo01","1994","SAS","NBA","62","20"
"hillbr01","1994","ORL","NBA","57","25"
"isselda01","1994","DEN","NBA","18","16"
"jacksph01","1994","CHI","NBA","47","35"
"karlge01","1994","SEA","NBA","57","25"
"laniebo01","1994","GSW","NBA","12","25"
"littlge01","1994","DEN","NBA","3","13"
"loughke01","1994","MIA","NBA","17","29"
"lucasjo01","1994","PHI","NBA","24","58"
"lynamji01","1994","WSB","NBA","21","61"
"mottadi01","1994","DAL","NBA","36","46"
"nelsodo01","1994","GSW","NBA","14","31"
"rileypa01","1994","NYK","NBA","55","27"
"sloanje01","1994","UTA","NBA","60","22"
"stjeaga01","1994","SAC","NBA","39","43"
"tomjaru01","1994","HOU","NBA","47","35"
"westppa01","1994","PHO","NBA","59","23"
"wilkele01","1994","ATL","NBA","42","40"
"adelmri01","1995","GSW","NBA","36","46"
"beardbu01","1995","NJN","NBA","30","52"
"bickebe01","1995","DEN","NBA","35","47"
"blairbi01","1995","MIN","NBA","6","14"
"bristal01","1995","CHH","NBA","41","41"
"brownla01","1995","IND","NBA","52","30"
"carlepj01","1995","POR","NBA","44","38"
"carrml01","1995","BOS","NBA","33","49"
"collido01","1995","DET","NBA","46","36"
"dunlemi01","1995","MIL","NBA","25","57"
"fitchbi01","1995","LAC","NBA","29","53"
"fitzsco01","1995","PHO","NBA","27","22"
"fratemi01","1995","CLE","NBA","47","35"
"harride02","1995","LAL","NBA","53","29"
"hillbo01","1995","SAS","NBA","59","23"
"hillbr01","1995","ORL","NBA","60","22"
"jacksph01","1995","CHI","NBA","72","10"
"karlge01","1995","SEA","NBA","64","18"
"lucasjo01","1995","PHI","NBA","18","64"
"lynamji01","1995","WSB","NBA","39","43"
"malonbr01","1995","TOR","NBA","21","61"
"mottadi01","1995","DAL","NBA","26","56"
"nelsodo01","1995","NYK","NBA","34","25"
"rileypa01","1995","MIA","NBA","42","40"
"saundfl01","1995","MIN","NBA","20","42"
"sloanje01","1995","UTA","NBA","55","27"
"stjeaga01","1995","SAC","NBA","39","43"
"tomjaru01","1995","HOU","NBA","48","34"
"vanguje01","1995","NYK","NBA","13","10"
"westppa01","1995","PHO","NBA","14","19"
"wilkele01","1995","ATL","NBA","46","36"
"wintebr01","1995","VAN","NBA","15","67"
"adelmri01","1996","GSW","NBA","30","52"
"adubari01","1996","ORL","NBA","21","12"
"aingeda01","1996","PHO","NBA","40","34"
"bickebe01","1996","DEN","NBA","4","9"
"bickebe01","1996","WSB","NBA","22","13"
"brownla01","1996","IND","NBA","39","43"
"calipjo01","1996","NJN","NBA","26","56"
"carlepj01","1996","POR","NBA","49","33"
"carrml01","1996","BOS","NBA","15","67"
"cleamji01","1996","DAL","NBA","24","58"
"collido01","1996","DET","NBA","54","28"
"cowenda01","1996","CHH","NBA","54","28"
"davisjo01","1996","PHI","NBA","22","60"
"fitchbi01","1996","LAC","NBA","36","46"
"fitzsco01","1996","PHO","NBA","0","8"
"fordch01","1996","MIL","NBA","33","49"
"fratemi01","1996","CLE","NBA","42","40"
"harride02","1996","LAL","NBA","56","26"
"hillbo01","1996","SAS","NBA","3","15"
"hillbr01","1996","ORL","NBA","24","25"
"jacksph01","1996","CHI","NBA","69","13"
"jacksst03","1996","VAN","NBA","6","33"
"jordaed01","1996","SAC","NBA","6","9"
"karlge01","1996","SEA","NBA","57","25"
"lynamji01","1996","WSB","NBA","22","24"
"mottadi01","1996","DEN","NBA","17","52"
"popovgr01","1996","SAS","NBA","17","47"
"rileypa01","1996","MIA","NBA","61","21"
"saundfl01","1996","MIN","NBA","40","42"
"sloanje01","1996","UTA","NBA","64","18"
"staakbo01","1996","WSB","NBA","0","1"
"stjeaga01","1996","SAC","NBA","28","39"
"tomjaru01","1996","HOU","NBA","57","25"
"vanguje01","1996","NYK","NBA","57","25"
"walkeda01","1996","TOR","NBA","30","52"
"wilkele01","1996","ATL","NBA","56","26"
"wintebr01","1996","VAN","NBA","8","35"
"aingeda01","1997","PHO","NBA","56","26"
"bickebe01","1997","WAS","NBA","42","40"
"birdla01","1997","IND","NBA","58","24"
"brownla01","1997","PHI","NBA","31","51"
"calipjo01","1997","NJN","NBA","43","39"
"carlepj01","1997","GSW","NBA","19","63"
"cartebu01","1997","TOR","NBA","5","28"
"cleamji01","1997","DAL","NBA","4","12"
"collido01","1997","DET","NBA","21","24"
"cowenda01","1997","CHH","NBA","51","31"
"dalych01","1997","ORL","NBA","41","41"
"dunlemi01","1997","POR","NBA","46","36"
"fitchbi01","1997","LAC","NBA","17","65"
"fordch01","1997","MIL","NBA","36","46"
"fratemi01","1997","CLE","NBA","47","35"
"gentral01","1997","DET","NBA","16","21"
"hanzlbi01","1997","DEN","NBA","11","71"
"harride02","1997","LAL","NBA","61","21"
"hillbr01","1997","VAN","NBA","19","63"
"jacksph01","1997","CHI","NBA","62","20"
"jordaed01","1997","SAC","NBA","27","55"
"karlge01","1997","SEA","NBA","61","21"
"nelsodo01","1997","DAL","NBA","16","50"
"pitinri01","1997","BOS","NBA","36","46"
"popovgr01","1997","SAS","NBA","56","26"
"rileypa01","1997","MIA","NBA","55","27"
"saundfl01","1997","MIN","NBA","45","37"
"sloanje01","1997","UTA","NBA","62","20"
"tomjaru01","1997","HOU","NBA","41","41"
"vanguje01","1997","NYK","NBA","43","39"
"walkeda01","1997","TOR","NBA","11","38"
"wilkele01","1997","ATL","NBA","50","32"
"adelmri01","1998","SAC","NBA","27","23"
"aingeda01","1998","PHO","NBA","27","23"
"bertkbi01","1998","LAL","NBA","1","0"
"bickebe01","1998","WAS","NBA","13","19"
"birdla01","1998","IND","NBA","33","17"
"broveji01","1998","WAS","NBA","5","13"
"brownla01","1998","PHI","NBA","28","22"
"calipjo01","1998","NJN","NBA","3","17"
"carlepj01","1998","GSW","NBA","21","29"
"cartebu01","1998","TOR","NBA","23","27"
"caseydo01","1998","NJN","NBA","13","17"
"cowenda01","1998","CHH","NBA","4","11"
"dalych01","1998","ORL","NBA","33","17"
"dantomi01","1998","DEN","NBA","14","36"
"dunlemi01","1998","POR","NBA","35","15"
"floydti01","1998","CHI","NBA","13","37"
"fordch01","1998","LAC","NBA","9","41"
"fratemi01","1998","CLE","NBA","22","28"
"gentral01","1998","DET","NBA","29","21"
"harride02","1998","LAL","NBA","6","6"
"hillbr01","1998","VAN","NBA","8","42"
"karlge01","1998","MIL","NBA","28","22"
"nelsodo01","1998","DAL","NBA","19","31"
"pitinri01","1998","BOS","NBA","19","31"
"popovgr01","1998","SAS","NBA","37","13"
"rambiku01","1998","LAL","NBA","24","13"
"rileypa01","1998","MIA","NBA","33","17"
"saundfl01","1998","MIN","NBA","25","25"
"silaspa01","1998","CHH","NBA","22","13"
"sloanje01","1998","UTA","NBA","37","13"
"tomjaru01","1998","HOU","NBA","31","19"
"vanguje01","1998","NYK","NBA","27","23"
"westppa01","1998","SEA","NBA","25","25"
"wilkele01","1998","ATL","NBA","31","19"
"adelmri01","1999","SAC","NBA","44","38"
"aingeda01","1999","PHO","NBA","13","7"
"birdla01","1999","IND","NBA","56","26"
"brownla01","1999","PHI","NBA","49","33"
"carlepj01","1999","GSW","NBA","6","21"
"cartebu01","1999","TOR","NBA","45","37"
"caseydo01","1999","NJN","NBA","31","51"
"dunlemi01","1999","POR","NBA","59","23"
"floydti01","1999","CHI","NBA","17","65"
"fordch01","1999","LAC","NBA","11","34"
"gentral01","1999","DET","NBA","28","30"
"heardga01","1999","WAS","NBA","14","30"
"hillbr01","1999","VAN","NBA","4","18"
"hollili01","1999","VAN","NBA","18","42"
"irvinge01","1999","DET","NBA","14","10"
"isselda01","1999","DEN","NBA","35","47"
"jacksph01","1999","LAL","NBA","67","15"
"karlge01","1999","MIL","NBA","42","40"
"nelsodo01","1999","DAL","NBA","40","42"
"pitinri01","1999","BOS","NBA","35","47"
"popovgr01","1999","SAS","NBA","53","29"
"rileypa01","1999","MIA","NBA","52","30"
"riverdo01","1999","ORL","NBA","41","41"
"saundfl01","1999","MIN","NBA","50","32"
"silaspa01","1999","CHH","NBA","49","33"
"skilesc01","1999","PHO","NBA","40","22"
"sloanje01","1999","UTA","NBA","55","27"
"stjeaga01","1999","GSW","NBA","13","42"
"toddji01","1999","LAC","NBA","4","33"
"tomjaru01","1999","HOU","NBA","34","48"
"vanguje01","1999","NYK","NBA","50","32"
"walkeda01","1999","WAS","NBA","15","23"
"westppa01","1999","SEA","NBA","45","37"
"wilkele01","1999","ATL","NBA","28","54"
"wittmra01","1999","CLE","NBA","32","50"
"adelmri01","2000","SAC","NBA","55","27"
"brownla01","2000","PHI","NBA","56","26"
"cowenda01","2000","GSW","NBA","17","65"
"dunlemi01","2000","POR","NBA","50","32"
"floydti01","2000","CHI","NBA","15","67"
"gentral01","2000","LAC","NBA","31","51"
"hamille01","2000","WAS","NBA","19","63"
"irvinge01","2000","DET","NBA","32","50"
"isselda01","2000","DEN","NBA","40","42"
"jacksph01","2000","LAL","NBA","56","26"
"karlge01","2000","MIL","NBA","52","30"
"krugelo01","2000","ATL","NBA","25","57"
"lowesi01","2000","VAN","NBA","23","59"
"mcmilna01","2000","SEA","NBA","38","29"
"nelsodo01","2000","DAL","NBA","53","29"
"obrieji03","2000","BOS","NBA","24","24"
"pitinri01","2000","BOS","NBA","12","22"
"popovgr01","2000","SAS","NBA","58","24"
"rileypa01","2000","MIA","NBA","50","32"
"riverdo01","2000","ORL","NBA","43","39"
"saundfl01","2000","MIN","NBA","47","35"
"scottby01","2000","NJN","NBA","26","56"
"silaspa01","2000","CHH","NBA","46","36"
"skilesc01","2000","PHO","NBA","51","31"
"sloanje01","2000","UTA","NBA","53","29"
"thomais01","2000","IND","NBA","41","41"
"tomjaru01","2000","HOU","NBA","45","37"
"vanguje01","2000","NYK","NBA","48","34"
"westppa01","2000","SEA","NBA","6","9"
"wilkele01","2000","TOR","NBA","47","35"
"wittmra01","2000","CLE","NBA","30","52"
"adelmri01","2001","SAC","NBA","61","21"
"berrybi01","2001","CHI","NBA","0","2"
"brownla01","2001","PHI","NBA","43","39"
"carliri01","2001","DET","NBA","50","32"
"cartwbi01","2001","CHI","NBA","17","38"
"chanedo01","2001","NYK","NBA","20","43"
"cheekma01","2001","POR","NBA","49","33"
"collido01","2001","WAS","NBA","37","45"
"cowenda01","2001","GSW","NBA","8","15"
"evansmi01","2001","DEN","NBA","18","38"
"floydti01","2001","CHI","NBA","4","21"
"gentral01","2001","LAC","NBA","39","43"
"isselda01","2001","DEN","NBA","9","17"
"jacksph01","2001","LAL","NBA","58","24"
"johnsfr01","2001","PHO","NBA","11","20"
"karlge01","2001","MIL","NBA","41","41"
"krugelo01","2001","ATL","NBA","33","49"
"lowesi01","2001","MEM","NBA","23","59"
"lucasjo01","2001","CLE","NBA","29","53"
"mcmilna01","2001","SEA","NBA","45","37"
"nelsodo01","2001","DAL","NBA","57","25"
"obrieji03","2001","BOS","NBA","49","33"
"popovgr01","2001","SAS","NBA","58","24"
"rileypa01","2001","MIA","NBA","36","46"
"riverdo01","2001","ORL","NBA","44","38"
"saundfl01","2001","MIN","NBA","50","32"
"scottby01","2001","NJN","NBA","52","30"
"silaspa01","2001","CHH","NBA","44","38"
"skilesc01","2001","PHO","NBA","25","26"
"sloanje01","2001","UTA","NBA","44","38"
"thomais01","2001","IND","NBA","42","40"
"tomjaru01","2001","HOU","NBA","28","54"
"vanguje01","2001","NYK","NBA","10","9"
"wilkele01","2001","TOR","NBA","42","40"
"wintebr01","2001","GSW","NBA","13","46"
"adelmri01","2002","SAC","NBA","59","23"
"brownhu01","2002","MEM","NBA","28","46"
"brownla01","2002","PHI","NBA","48","34"
"bzdelje01","2002","DEN","NBA","17","65"
"carliri01","2002","DET","NBA","50","32"
"cartwbi01","2002","CHI","NBA","30","52"
"chanedo01","2002","NYK","NBA","37","45"
"cheekma01","2002","POR","NBA","50","32"
"collido01","2002","WAS","NBA","37","45"
"gentral01","2002","LAC","NBA","19","39"
"jacksph01","2002","LAL","NBA","50","32"
"johnsde01","2002","LAC","NBA","8","16"
"johnsfr01","2002","PHO","NBA","44","38"
"karlge01","2002","MIL","NBA","42","40"
"krugelo01","2002","ATL","NBA","11","16"
"lowesi01","2002","MEM","NBA","0","8"
"lucasjo01","2002","CLE","NBA","8","34"
"mcmilna01","2002","SEA","NBA","40","42"
"musseer01","2002","GSW","NBA","38","44"
"nelsodo01","2002","DAL","NBA","60","22"
"obrieji03","2002","BOS","NBA","44","38"
"popovgr01","2002","SAS","NBA","60","22"
"rileypa01","2002","MIA","NBA","25","57"
"riverdo01","2002","ORL","NBA","42","40"
"saundfl01","2002","MIN","NBA","51","31"
"scottby01","2002","NJN","NBA","49","33"
"silaspa01","2002","NOH","NBA","47","35"
"sloanje01","2002","UTA","NBA","47","35"
"smartke01","2002","CLE","NBA","9","31"
"stottte01","2002","ATL","NBA","24","31"
"thomais01","2002","IND","NBA","48","34"
"tomjaru01","2002","HOU","NBA","43","39"
"wilkele01","2002","TOR","NBA","24","58"
"adelmri01","2003","SAC","NBA","55","27"
"ayersra01","2003","PHI","NBA","21","31"
"brownhu01","2003","MEM","NBA","50","32"
"brownla01","2003","DET","NBA","54","28"
"bzdelje01","2003","DEN","NBA","43","39"
"carliri01","2003","IND","NBA","61","21"
"carrojo02","2003","BOS","NBA","14","22"
"cartwbi01","2003","CHI","NBA","4","10"
"chanedo01","2003","NYK","NBA","15","24"
"cheekma01","2003","POR","NBA","41","41"
"dantomi01","2003","PHO","NBA","21","40"
"davisjo01","2003","ORL","NBA","20","51"
"dunlemi01","2003","LAC","NBA","28","54"
"floydti01","2003","NOH","NBA","41","41"
"fordch01","2003","PHI","NBA","12","18"
"frankla01","2003","NJN","NBA","25","15"
"jacksph01","2003","LAL","NBA","56","26"
"johnsfr01","2003","PHO","NBA","8","13"
"jordaed01","2003","WAS","NBA","25","57"
"mcmilna01","2003","SEA","NBA","37","45"
"musseer01","2003","GSW","NBA","37","45"
"myerspe01","2003","CHI","NBA","0","2"
"nelsodo01","2003","DAL","NBA","52","30"
"obrieji03","2003","BOS","NBA","22","24"
"oneilke01","2003","TOR","NBA","33","49"
"popovgr01","2003","SAS","NBA","57","25"
"portete01","2003","MIL","NBA","41","41"
"riverdo01","2003","ORL","NBA","1","10"
"saundfl01","2003","MIN","NBA","58","24"
"scottby01","2003","NJN","NBA","22","20"
"silaspa01","2003","CLE","NBA","35","47"
"skilesc01","2003","CHI","NBA","19","47"
"sloanje01","2003","UTA","NBA","42","40"
"stottte01","2003","ATL","NBA","28","54"
"vanguje01","2003","HOU","NBA","45","37"
"vangust01","2003","MIA","NBA","42","40"
"wilkele01","2003","NYK","NBA","23","19"
"willihe01","2003","NYK","NBA","1","0"
"adelmri01","2004","SAC","NBA","50","32"
"bickebe01","2004","CHA","NBA","18","64"
"brownhu01","2004","MEM","NBA","5","7"
"brownla01","2004","DET","NBA","54","28"
"bzdelje01","2004","DEN","NBA","13","15"
"carliri01","2004","IND","NBA","44","38"
"cheekma01","2004","POR","NBA","22","33"
"coopemi01","2004","DEN","NBA","4","10"
"dantomi01","2004","PHO","NBA","62","20"
"davisjo01","2004","ORL","NBA","31","33"
"dunlemi01","2004","LAC","NBA","37","45"
"frankla01","2004","NJN","NBA","42","40"
"fratemi01","2004","MEM","NBA","40","30"
"hamblfr01","2004","LAL","NBA","10","29"
"jentch01","2004","ORL","NBA","5","13"
"johnsav01","2004","DAL","NBA","16","2"
"jordaed01","2004","WAS","NBA","45","37"
"karlge01","2004","DEN","NBA","32","8"
"malonbr01","2004","CLE","NBA","8","10"
"mchalke01","2004","MIN","NBA","19","12"
"mcmilna01","2004","SEA","NBA","52","30"
"mitchsa01","2004","TOR","NBA","33","49"
"montgmi01","2004","GSW","NBA","34","48"
"nelsodo01","2004","DAL","NBA","42","22"
"obrieji03","2004","PHI","NBA","43","39"
"popovgr01","2004","SAS","NBA","59","23"
"portete01","2004","MIL","NBA","30","52"
"pritcke01","2004","POR","NBA","5","22"
"riverdo01","2004","BOS","NBA","45","37"
"saundfl01","2004","MIN","NBA","25","26"
"scottby01","2004","NOH","NBA","18","64"
"silaspa01","2004","CLE","NBA","34","30"
"skilesc01","2004","CHI","NBA","47","35"
"sloanje01","2004","UTA","NBA","26","56"
"tomjaru01","2004","LAL","NBA","24","19"
"vanguje01","2004","HOU","NBA","51","31"
"vangust01","2004","MIA","NBA","59","23"
"wilkele01","2004","NYK","NBA","17","22"
"willihe01","2004","NYK","NBA","16","27"
"woodsmi01","2004","ATL","NBA","13","69"
"adelmri01","2005","SAC","NBA","44","38"
"bickebe01","2005","CHA","NBA","26","56"
"brownla01","2005","NYK","NBA","23","59"
"brownmi02","2005","CLE","NBA","50","32"
"carliri01","2005","IND","NBA","41","41"
"caseydw01","2005","MIN","NBA","33","49"
"cheekma01","2005","PHI","NBA","38","44"
"dantomi01","2005","PHO","NBA","54","28"
"dunlemi01","2005","LAC","NBA","47","35"
"frankla01","2005","NJN","NBA","49","33"
"fratemi01","2005","MEM","NBA","49","33"
"hillbo01","2005","SEA","NBA","22","30"
"hillbr01","2005","ORL","NBA","36","46"
"jacksph01","2005","LAL","NBA","45","37"
"johnsav01","2005","DAL","NBA","60","22"
"jordaed01","2005","WAS","NBA","42","40"
"karlge01","2005","DEN","NBA","44","38"
"mcmilna01","2005","POR","NBA","21","61"
"mitchsa01","2005","TOR","NBA","27","55"
"montgmi01","2005","GSW","NBA","34","48"
"popovgr01","2005","SAS","NBA","63","19"
"rileypa01","2005","MIA","NBA","41","20"
"riverdo01","2005","BOS","NBA","33","49"
"saundfl01","2005","DET","NBA","64","18"
"scottby01","2005","NOK","NBA","38","44"
"skilesc01","2005","CHI","NBA","41","41"
"sloanje01","2005","UTA","NBA","41","41"
"stottte01","2005","MIL","NBA","40","42"
"vanguje01","2005","HOU","NBA","34","48"
"vangust01","2005","MIA","NBA","11","10"
"weissbo01","2005","SEA","NBA","13","17"
"woodsmi01","2005","ATL","NBA","26","56"
"baronto01","2006","MEM","NBA","16","36"
"bickebe01","2006","CHA","NBA","33","49"
"brownmi02","2006","CLE","NBA","50","32"
"carliri01","2006","IND","NBA","35","47"
"caseydw01","2006","MIN","NBA","20","20"
"cheekma01","2006","PHI","NBA","35","47"
"dantomi01","2006","PHO","NBA","61","21"
"dunlemi01","2006","LAC","NBA","40","42"
"frankla01","2006","NJN","NBA","41","41"
"fratemi01","2006","MEM","NBA","6","24"
"hillbo01","2006","SEA","NBA","31","51"
"hillbr01","2006","ORL","NBA","40","42"
"jacksph01","2006","LAL","NBA","42","40"
"johnsav01","2006","DAL","NBA","67","15"
"jordaed01","2006","WAS","NBA","41","41"
"karlge01","2006","DEN","NBA","45","37"
"krystla01","2006","MIL","NBA","5","13"
"mcmilna01","2006","POR","NBA","32","50"
"mitchsa01","2006","TOR","NBA","47","35"
"musseer01","2006","SAC","NBA","33","49"
"nelsodo01","2006","GSW","NBA","42","40"
"popovgr01","2006","SAS","NBA","58","24"
"rileypa01","2006","MIA","NBA","44","38"
"riverdo01","2006","BOS","NBA","24","58"
"saundfl01","2006","DET","NBA","53","29"
"scottby01","2006","NOK","NBA","39","43"
"skilesc01","2006","CHI","NBA","49","33"
"sloanje01","2006","UTA","NBA","51","31"
"stottte01","2006","MIL","NBA","23","41"
"thomais01","2006","NYK","NBA","33","49"
"vanguje01","2006","HOU","NBA","52","30"
"wittmra01","2006","MIN","NBA","12","30"
"woodsmi01","2006","ATL","NBA","30","52"
"adelmri01","2007","HOU","NBA","55","27"
"boylaji01","2007","CHI","NBA","24","32"
"brownmi02","2007","CLE","NBA","45","37"
"carlepj01","2007","SEA","NBA","20","62"
"cheekma01","2007","PHI","NBA","40","42"
"dantomi01","2007","PHO","NBA","55","27"
"dunlemi01","2007","LAC","NBA","23","59"
"frankla01","2007","NJN","NBA","34","48"
"iavarma01","2007","MEM","NBA","22","60"
"jacksph01","2007","LAL","NBA","57","25"
"johnsav01","2007","DAL","NBA","51","31"
"jordaed01","2007","WAS","NBA","43","39"
"karlge01","2007","DEN","NBA","50","32"
"krystla01","2007","MIL","NBA","26","56"
"mcmilna01","2007","POR","NBA","41","41"
"mitchsa01","2007","TOR","NBA","41","41"
"myerspe01","2007","CHI","NBA","0","1"
"nelsodo01","2007","GSW","NBA","48","34"
"obrieji03","2007","IND","NBA","36","46"
"popovgr01","2007","SAS","NBA","56","26"
"rileypa01","2007","MIA","NBA","15","67"
"riverdo01","2007","BOS","NBA","66","16"
"saundfl01","2007","DET","NBA","59","23"
"scottby01","2007","NOH","NBA","56","26"
"skilesc01","2007","CHI","NBA","9","16"
"sloanje01","2007","UTA","NBA","54","28"
"theusre01","2007","SAC","NBA","38","44"
"thomais01","2007","NYK","NBA","23","59"
"vangust01","2007","ORL","NBA","52","30"
"vincesa01","2007","CHR","NBA","32","50"
"wittmra01","2007","MIN","NBA","22","60"
"woodsmi01","2007","ATL","NBA","37","45"
"adelmri01","2008","HOU","NBA","53","29"
"brooksc01","2008","OKC","NBA","22","46"
"brownla01","2008","CHR","NBA","35","47"
"brownmi02","2008","CLE","NBA","66","16"
"carlepj01","2008","OKC","NBA","1","13"
"carliri01","2008","DAL","NBA","50","32"
"cheekma01","2008","PHI","NBA","9","14"
"currymi01","2008","DET","NBA","39","43"
"dantomi01","2008","NYK","NBA","32","50"
"davisjo01","2008","MEM","NBA","0","2"
"delnevi01","2008","CHI","NBA","41","41"
"dileoto01","2008","PHI","NBA","32","27"
"dunlemi01","2008","LAC","NBA","19","63"
"frankla01","2008","NJN","NBA","34","48"
"gentral01","2008","PHO","NBA","18","13"
"hollili01","2008","MEM","NBA","13","26"
"iavarma01","2008","MEM","NBA","11","30"
"jacksph01","2008","LAL","NBA","65","17"
"jordaed01","2008","WAS","NBA","1","10"
"karlge01","2008","DEN","NBA","54","28"
"mchalke01","2008","MIN","NBA","20","43"
"mcmilna01","2008","POR","NBA","54","28"
"mitchsa01","2008","TOR","NBA","8","9"
"nattke01","2008","SAC","NBA","11","47"
"nelsodo01","2008","GSW","NBA","29","53"
"obrieji03","2008","IND","NBA","36","46"
"popovgr01","2008","SAS","NBA","54","28"
"portete01","2008","PHO","NBA","23","18"
"riverdo01","2008","BOS","NBA","62","20"
"scottby01","2008","NOH","NBA","49","33"
"skilesc01","2008","MIL","NBA","34","48"
"sloanje01","2008","UTA","NBA","48","34"
"spoeler01","2008","MIA","NBA","43","39"
"tapsced01","2008","WAS","NBA","18","53"
"theusre01","2008","SAC","NBA","6","18"
"trianja01","2008","TOR","NBA","25","40"
"vangust01","2008","ORL","NBA","59","23"
"wittmra01","2008","MIN","NBA","4","15"
"woodsmi01","2008","ATL","NBA","47","35"
"adelmri01","2009","HOU","NBA","42","40"
"barrito01","2009","NJN","NBA","0","2"
"bowerje01","2009","NOH","NBA","34","39"
"brooksc01","2009","OKC","NBA","50","32"
"brownla01","2009","CHR","NBA","44","38"
"brownmi02","2009","CLE","NBA","61","21"
"carliri01","2009","DAL","NBA","55","27"
"dantomi01","2009","NYK","NBA","29","53"
"delnevi01","2009","CHI","NBA","41","41"
"dunlemi01","2009","LAC","NBA","21","28"
"frankla01","2009","NJN","NBA","0","16"
"gentral01","2009","PHO","NBA","54","28"
"hollili01","2009","MEM","NBA","40","42"
"hugheki01","2009","LAC","NBA","8","25"
"jacksph01","2009","LAL","NBA","57","25"
"jordaed01","2009","PHI","NBA","27","55"
"karlge01","2009","DEN","NBA","53","29"
"kuestjo01","2009","DET","NBA","27","55"
"mcmilna01","2009","POR","NBA","50","32"
"nelsodo01","2009","GSW","NBA","26","56"
"obrieji03","2009","IND","NBA","32","50"
"popovgr01","2009","SAS","NBA","50","32"
"rambiku01","2009","MIN","NBA","15","67"
"riverdo01","2009","BOS","NBA","50","32"
"saundfl01","2009","WAS","NBA","26","56"
"scottby01","2009","NOH","NBA","3","6"
"skilesc01","2009","MIL","NBA","46","36"
"sloanje01","2009","UTA","NBA","53","29"
"spoeler01","2009","MIA","NBA","47","35"
"trianja01","2009","TOR","NBA","40","42"
"vandeki01","2009","NJN","NBA","12","52"
"vangust01","2009","ORL","NBA","59","23"
"westppa01","2009","SAC","NBA","25","57"
"woodsmi01","2009","ATL","NBA","53","29"
"adelmri01","2010","HOU","NBA","43","39"
"brooksc01","2010","OKC","NBA","55","27"
"brownla01","2010","CHA","NBA","9","19"
"carliri01","2010","DAL","NBA","57","25"
"collido01","2010","PHI","NBA","41","41"
"corbity01","2010","UTA","NBA","8","20"
"dantomi01","2010","NYK","NBA","42","40"
"delnevi01","2010","LAC","NBA","32","50"
"drewla01","2010","ATL","NBA","44","38"
"gentral01","2010","PHO","NBA","40","42"
"hollili01","2010","MEM","NBA","46","36"
"jacksph01","2010","LAL","NBA","57","25"
"johnsav01","2010","NJN","NBA","24","58"
"karlge01","2010","DEN","NBA","50","32"
"kuestjo01","2010","DET","NBA","30","52"
"mcmilna01","2010","POR","NBA","48","34"
"obrieji03","2010","IND","NBA","17","27"
"popovgr01","2010","SAS","NBA","61","21"
"rambiku01","2010","MIN","NBA","17","65"
"riverdo01","2010","BOS","NBA","56","26"
"saundfl01","2010","WAS","NBA","23","59"
"scottby01","2010","CLE","NBA","19","63"
"silaspa01","2010","CHA","NBA","25","29"
"skilesc01","2010","MIL","NBA","35","47"
"sloanje01","2010","UTA","NBA","31","23"
"smartke01","2010","GSW","NBA","36","46"
"spoeler01","2010","MIA","NBA","58","24"
"thiboto01","2010","CHI","NBA","62","20"
"trianja01","2010","TOR","NBA","22","60"
"vangust01","2010","ORL","NBA","52","30"
"vogelfr01","2010","IND","NBA","20","18"
"westppa01","2010","SAC","NBA","24","58"
"willimo01","2010","NOH","NBA","46","36"
"drewla01","2011","ATL","NBA","40","26"
"riverdo01","2011","BOS","NBA","39","27"
"silaspa01","2011","CHA","NBA","7","59"
"thiboto01","2011","CHI","NBA","50","16"
"scottby01","2011","CLE","NBA","21","45"
"carliri01","2011","DAL","NBA","36","30"
"karlge01","2011","DEN","NBA","38","28"
"frankla01","2011","DET","NBA","25","41"
"jacksma01 ","2011","GSW","NBA","23","43"
"mchalke01","2011","HOU","NBA","34","32"
"vogelfr01","2011","IND","NBA","42","24"
"delnevi01","2011","LAC","NBA","40","26"
"brownmi02","2011","LAL","NBA","41","25"
"hollili01","2011","MEM","NBA","41","25"
"spoeler01","2011","MIA","NBA","46","20"
"skilesc01","2011","MIL","NBA","31","35"
"adelmri01","2011","MIN","NBA","26","40"
"johnsav01","2011","NJN","NBA","22","44"
"willimo01","2011","NOH","NBA","21","45"
"dantomi01","2011","NYK","NBA","18","24"
"woodsmi01","2011","NYK","NBA","18","6"
"brooksc01","2011","OKC","NBA","47","19"
"vangust01","2011","ORL","NBA","37","29"
"collido01","2011","PHI","NBA","35","31"
"gentral01","2011","PHO","NBA","33","33"
"mcmilna01","2011","POR","NBA","20","23"
"canalka01","2011","POR","NBA","8","15"
"westppa01","2011","SAC","NBA","2","5"
"smartke01","2011","SAC","NBA","20","39"
"popovgr01","2011","SAS","NBA","50","16"
"caseydw01","2011","TOR","NBA","23","43"
"corbity01","2011","UTA","NBA","36","30"
"saundfl01","2011","WAS","NBA","2","15"
"wittmra01","2011","WAS","NBA","18","31"
"johnsne01","1962","PGR","ABL1","12","10"
"phillan01","1961","CHM","ABL1","39","44"
"sobiero01","1962","CHM","ABL1","8","20"
"sharmbi01","1961","LAJ","ABL1","24","15"
"mclenjo01","1961","CLP","ABL1","26","25"
"sharmbi01","1961","CLP","ABL1","19","11"
"rochare01","1961","HAW","ABL1","29","53"
"brighal01","1962","LBC","ABL1","16","8"
"mcmahja01","1961","KCS","ABL1","54","25"
"deejo01","1962","KCS","ABL1","22","9"
"stutzst01","1961","WNY","ABL1","31","50"
"perrima01","1962","PHT","ABL1","10","18"
"robiner01","1962","OAO","ABL1","11","14"
"woolpph01","1961","SFS","ABL1","6","9"
"osheake01","1961","SFS","ABL1","",""
"brighal01","1961","SFS","ABL1","",""
"gunthco01","1947","ATC","PBLA","7","1"
"lewisfr01","1947","BIR","PBLA","5","2"
"dehnehe01","1947","CHT","PBLA","3","3"
"mcderbo01","1947","CHG","PBLA","8","0"
"szukast01","1947","GRR","PBLA","3","3"
"clossbi01","1947","HMV","PBLA","2","0"
"hyattch01","1947","KCB","PBLA","1","5"
"vaughvi01","1947","LOU","PBLA","2","4"
"pailehe01","1947","NOL","PBLA","3","5"
"rosegl01","1947","OKD","PBLA","2","3"
"shephle01","1947","OMA","PBLA","2","4"
"hutchha01","1947","STJ","PBLA","1","6"
"halebr01","1947","STP","PBLA","6","3"
"davisdo01","1947","SPR","PBLA","1","7"
"gibbsji01","1947","TUL","PBLA","7","3"
"roossw01","1947","WAT","PBLA","1","5"
"gatesfr01","1950","AND","NPBL","",""
"klierle01","1950","AND","NPBL","",""
"dardeji01","1950","DNN","NPBL","18","16"
"lathage02","1950","EVA","NPBL","0","6"
"koliswa01","1950","LOA","NPBL","18","17"
"mcderbo01","1950","GRH","NPBL","",""
"glammge01","1950","GRH","NPBL","",""
"towerbl01","1950","GRH","NPBL","",""
"cloydpa01","1950","KCH","NPBL","",""
"eurasge01","1950","KCH","NPBL","",""
"schulho01","1950","SPL","NPBL","12","8"
"sueseke01","1950","SHE","NPBL","29","16"
"smileja01","1950","WAT","NPBL","32","24"