"tmID","year","rank","homeWon","homeLost","awayWon","awayLost","neutWon","neutLoss","won","lost","games"
"BOS","1946","5","14","16","8","22","0","0","22","38","60"
"CHS","1946","1","22","9","17","13","0","0","39","22","61"
"CLR","1946","3","17","13","13","17","0","0","30","30","60"
"DTF","1946","4","12","18","8","22","0","0","20","40","60"
"NYK","1946","3","18","12","15","15","0","0","33","27","60"
"PHW","1946","2","23","7","12","18","0","0","35","25","60"
"PIT","1946","5","11","19","4","26","0","0","15","45","60"
"PRO","1946","4","19","11","9","21","0","0","28","32","60"
"STB","1946","2","22","8","16","15","0","0","38","23","61"
"TRH","1946","5","15","15","7","23","0","0","22","38","60"
"WSC","1946","1","29","1","20","10","0","0","49","11","60"
"BLB","1947","2","17","7","11","13","0","0","28","20","48"
"BOS","1947","3","11","13","9","15","0","0","20","28","48"
"CHS","1947","2","14","10","14","10","0","0","28","20","48"
"NYK","1947","2","12","12","14","10","0","0","26","22","48"
"PHW","1947","1","14","10","13","11","0","0","27","21","48"
"PRO","1947","4","3","21","3","21","0","0","6","42","48"
"STB","1947","1","17","7","12","12","0","0","29","19","48"
"WSC","1947","2","19","5","9","15","0","0","28","20","48"
"BLB","1948","3","17","12","11","17","1","2","29","31","60"
"BOS","1948","5","17","12","7","20","1","3","25","35","60"
"CHS","1948","3","16","8","18","14","4","0","38","22","60"
"FTW","1948","5","15","14","5","23","2","1","22","38","60"
"INJ","1948","6","14","15","4","22","0","5","18","42","60"
"MNL","1948","2","26","3","16","13","2","0","44","16","60"
"NYK","1948","2","18","11","12","17","2","0","32","28","60"
"PHW","1948","4","19","10","9","21","0","1","28","32","60"
"PRO","1948","6","7","23","5","23","0","2","12","48","60"
"ROC","1948","1","24","5","20","10","1","0","45","15","60"
"STB","1948","4","17","12","10","18","2","1","29","31","60"
"WSC","1948","1","22","7","15","14","1","1","38","22","60"
"AND","1949","2","23","9","11","18","3","0","37","27","64"
"BLB","1949","5","16","15","8","25","1","3","25","43","68"
"BOS","1949","6","12","14","5","28","5","4","22","46","68"
"CHS","1949","3","18","6","14","21","8","1","40","28","68"
"DNN","1949","6","9","15","1","26","1","10","11","51","62"
"FTW","1949","3","28","6","12","22","0","0","40","28","68"
"INO","1949","1","23","5","13","18","3","2","39","25","64"
"MNL","1949","1","30","1","18","16","3","0","51","17","68"
"NYK","1949","2","19","10","18","16","3","2","40","28","68"
"PHW","1949","4","15","15","8","23","3","4","26","42","68"
"ROC","1949","1","33","1","17","16","1","0","51","17","68"
"SHE","1949","4","17","14","5","22","0","4","22","40","62"
"STB","1949","5","17","14","7","26","2","2","26","42","68"
"SYR","1949","1","31","1","15","12","5","0","51","13","64"
"TRI","1949","3","22","13","4","20","3","2","29","35","64"
"WAT","1949","5","17","15","1","22","1","6","19","43","62"
"WSC","1949","3","21","13","10","20","1","3","32","36","68"
"BLB","1950","5","21","11","3","25","0","6","24","42","66"
"BOS","1950","2","26","6","9","22","4","2","39","30","69"
"FTW","1950","3","27","7","5","27","0","2","32","36","68"
"INO","1950","4","19","12","10","24","2","1","31","37","68"
"MNL","1950","1","29","3","12","21","3","0","44","24","68"
"NYK","1950","3","22","5","10","25","4","0","36","30","66"
"PHW","1950","1","29","3","10","22","1","1","40","26","66"
"ROC","1950","2","29","5","12","22","0","0","41","27","68"
"SYR","1950","4","24","9","8","25","0","0","32","34","66"
"TRI","1950","5","22","13","2","28","1","2","25","43","68"
"WSC","1950","6","6","11","4","13","0","1","10","25","35"
"BLB","1951","5","17","15","2","22","1","9","20","46","66"
"BOS","1951","2","22","7","10","19","7","1","39","27","66"
"FTW","1951","4","22","11","6","24","1","2","29","37","66"
"INO","1951","3","25","6","4","24","5","2","34","32","66"
"MLH","1951","5","7","13","3","22","7","14","17","49","66"
"MNL","1951","2","21","5","13","19","6","2","40","26","66"
"NYK","1951","3","21","4","12","22","4","3","37","29","66"
"PHW","1951","4","24","7","6","25","3","1","33","33","66"
"ROC","1951","1","28","5","12","18","1","2","41","25","66"
"SYR","1951","1","26","7","12","18","2","1","40","26","66"
"BLB","1952","4","11","20","1","19","4","15","16","54","70"
"BOS","1952","3","21","3","11","18","14","4","46","25","71"
"FTW","1952","3","25","9","8","19","3","5","36","33","69"
"INO","1952","4","19","14","4","23","5","6","28","43","71"
"MLH","1952","5","14","8","4","24","9","12","27","44","71"
"MNL","1952","1","24","2","16","15","8","5","48","22","70"
"NYK","1952","1","21","4","15","14","11","5","47","23","70"
"PHW","1952","5","4","13","1","28","7","16","12","57","69"
"ROC","1952","2","24","8","13","16","7","2","44","26","70"
"SYR","1952","2","32","2","10","19","5","3","47","24","71"
"BLB","1953","5","12","20","0","20","4","16","16","56","72"
"BOS","1953","2","16","6","11","19","15","5","42","30","72"
"FTW","1953","3","19","8","11","17","10","7","40","32","72"
"MLH","1953","4","10","14","6","17","5","20","21","51","72"
"MNL","1953","1","21","4","13","15","12","7","46","26","72"
"NYK","1953","1","18","8","15","13","11","7","44","28","72"
"PHW","1953","4","10","9","6","16","13","18","29","43","72"
"ROC","1953","2","18","10","12","15","14","3","44","28","72"
"SYR","1953","3","27","5","10","19","5","6","42","30","72"
"BLB","1954","5","2","4","1","4","0","3","3","11","14"
"BOS","1954","3","20","5","5","22","11","9","36","36","72"
"FTW","1954","1","20","6","9","14","14","9","43","29","72"
"MLH","1954","4","6","11","9","16","11","19","26","46","72"
"MNL","1954","2","18","6","10","14","12","12","40","32","72"
"NYK","1954","2","17","8","8","19","13","7","38","34","72"
"PHW","1954","4","16","5","4","19","13","15","33","39","72"
"ROC","1954","3","17","11","4","19","8","13","29","43","72"
"SYR","1954","1","25","7","10","16","8","6","43","29","72"
"BOS","1955","2","20","7","12","15","7","11","39","33","72"
"FTW","1955","1","19","8","10","17","8","10","37","35","72"
"MNL","1955","2","13","12","6","21","14","6","33","39","72"
"NYK","1955","3","14","14","15","14","6","9","35","37","72"
"PHW","1955","1","21","7","11","17","13","3","45","27","72"
"ROC","1955","4","15","14","7","21","9","6","31","41","72"
"STL","1955","2","16","10","10","17","7","12","33","39","72"
"SYR","1955","3","23","8","9","19","3","10","35","37","72"
"BOS","1956","1","27","4","12","19","5","5","44","28","72"
"FTW","1956","1","23","8","7","24","4","6","34","38","72"
"MNL","1956","1","18","13","9","22","7","3","34","38","72"
"NYK","1956","4","19","12","11","20","6","4","36","36","72"
"PHW","1956","3","26","5","5","26","6","4","37","35","72"
"ROC","1956","4","19","12","9","22","3","7","31","41","72"
"STL","1956","1","18","13","11","20","5","5","34","38","72"
"SYR","1956","2","22","9","12","19","4","6","38","34","72"
"BOS","1957","1","25","4","17","13","7","6","49","23","72"
"CIN","1957","2","17","12","10","19","6","8","33","39","72"
"DET","1957","2","14","14","13","18","6","7","33","39","72"
"MNL","1957","4","13","17","4","22","2","14","19","53","72"
"NYK","1957","4","16","13","11","19","8","5","35","37","72"
"PHW","1957","3","16","12","12","19","9","4","37","35","72"
"STL","1957","1","23","8","9","19","9","4","41","31","72"
"SYR","1957","2","26","5","9","21","6","5","41","31","72"
"BOS","1958","1","26","4","13","15","13","1","52","20","72"
"CIN","1958","4","9","19","2","25","8","9","19","53","72"
"DET","1958","3","13","17","8","20","7","7","28","44","72"
"MNL","1958","2","15","7","9","17","9","15","33","39","72"
"NYK","1958","2","21","9","15","15","4","8","40","32","72"
"PHW","1958","4","17","9","7","24","8","7","32","40","72"
"STL","1958","1","28","3","14","15","7","5","49","23","72"
"SYR","1958","3","19","12","12","17","4","8","35","37","72"
"BOS","1959","1","25","2","23","9","11","5","59","16","75"
"CIN","1959","4","9","22","2","20","8","14","19","56","75"
"DET","1959","2","17","14","6","21","7","10","30","45","75"
"MNL","1959","3","9","13","9","22","7","15","25","50","75"
"NYK","1959","4","13","18","9","19","5","11","27","48","75"
"PHW","1959","2","22","6","12","19","15","1","49","26","75"
"STL","1959","1","28","5","12","20","6","4","46","29","75"
"SYR","1959","3","26","4","11","19","8","7","45","30","75"
"BOS","1960","1","21","7","24","11","12","4","57","22","79"
"CIN","1960","4","18","13","8","19","7","14","33","46","79"
"DET","1960","3","20","11","3","19","11","15","34","45","79"
"LAL","1960","2","16","12","8","20","12","11","36","43","79"
"NYK","1960","4","10","22","7","25","4","11","21","58","79"
"PHW","1960","2","23","6","12","21","11","6","46","33","79"
"STL","1960","1","29","5","15","20","7","3","51","28","79"
"SYR","1960","3","19","9","8","21","11","11","38","41","79"
"BOS","1961","1","23","5","26","12","11","3","60","20","80"
"CHP","1961","5","9","19","3","20","6","23","18","62","80"
"CIN","1961","2","18","13","14","16","11","8","43","37","80"
"DET","1961","3","16","14","8","17","13","12","37","43","80"
"LAL","1961","1","26","5","18","13","10","8","54","26","80"
"NYK","1961","4","19","14","2","23","8","14","29","51","80"
"PHW","1961","2","18","11","18","19","13","1","49","31","80"
"STL","1961","4","19","16","7","27","3","8","29","51","80"
"SYR","1961","3","18","10","11","19","12","10","41","39","80"
"BOS","1962","1","25","5","21","16","12","1","58","22","80"
"CHZ","1962","5","17","17","3","23","5","15","25","55","80"
"CIN","1962","3","23","10","15","19","4","9","42","38","80"
"DET","1962","3","14","16","8","19","12","11","34","46","80"
"LAL","1962","1","27","7","20","17","6","3","53","27","80"
"NYK","1962","4","12","22","5","28","4","9","21","59","80"
"SFW","1962","4","13","20","11","25","7","4","31","49","80"
"STL","1962","2","30","7","13","18","5","7","48","32","80"
"SYR","1962","2","23","5","13","19","12","8","48","32","80"
"BAL","1963","4","20","19","8","21","3","9","31","49","80"
"BOS","1963","1","26","4","21","17","12","0","59","21","80"
"CIN","1963","2","26","7","18","18","11","0","55","25","80"
"DET","1963","5","9","21","6","25","8","11","23","57","80"
"LAL","1963","3","24","12","15","21","3","5","42","38","80"
"NYK","1963","4","10","25","8","27","4","6","22","58","80"
"PHI","1963","3","18","12","12","22","4","12","34","46","80"
"SFW","1963","1","25","14","21","15","2","3","48","32","80"
"STL","1963","2","27","12","17","19","2","3","46","34","80"
"BAL","1964","3","23","14","12","19","2","10","37","43","80"
"BOS","1964","1","27","3","27","11","8","4","62","18","80"
"CIN","1964","2","25","7","17","21","6","4","48","32","80"
"DET","1964","4","13","17","11","20","7","12","31","49","80"
"LAL","1964","1","25","13","21","16","3","2","49","31","80"
"NYK","1964","4","16","19","8","22","7","8","31","49","80"
"PHI","1964","3","13","12","9","21","18","7","40","40","80"
"SFW","1964","5","10","26","5","31","2","6","17","63","80"
"STL","1964","2","26","14","15","17","4","4","45","35","80"
"BAL","1965","2","29","9","4","25","5","8","38","42","80"
"BOS","1965","2","26","5","19","18","9","3","54","26","80"
"CIN","1965","3","25","6","11","23","9","6","45","35","80"
"DET","1965","5","13","17","4","22","5","19","22","58","80"
"LAL","1965","1","28","11","13","21","4","3","45","35","80"
"NYK","1965","4","20","14","4","30","6","6","30","50","80"
"PHI","1965","1","22","3","20","17","13","5","55","25","80"
"SFW","1965","4","12","14","8","19","15","12","35","45","80"
"STL","1965","3","22","10","6","22","8","12","36","44","80"
"BAL","1966","5","12","20","3","30","5","11","20","61","81"
"BOS","1966","2","27","4","25","11","8","6","60","21","81"
"CHI","1966","4","17","19","9","17","7","12","33","48","81"
"CIN","1966","3","20","11","12","24","7","7","39","42","81"
"DET","1966","5","12","18","9","19","9","14","30","51","81"
"LAL","1966","3","21","18","12","20","3","7","36","45","81"
"NYK","1966","4","20","15","9","24","7","6","36","45","81"
"PHI","1966","1","28","2","26","8","14","3","68","13","81"
"SFW","1966","1","18","10","11","19","15","8","44","37","81"
"STL","1966","2","18","11","12","21","9","10","39","42","81"
"ANA","1967","5","12","19","7","27","6","7","25","53","78"
"DLC","1967","2","29","10","17","20","0","2","46","32","78"
"DNR","1967","3","31","8","13","22","1","3","45","33","78"
"HSM","1967","4","23","16","6","32","0","1","29","49","78"
"INA","1967","3","24","8","10","26","4","6","38","40","78"
"KEN","1967","4","25","14","10","26","1","2","36","42","78"
"MNM","1967","2","32","7","15","21","3","0","50","28","78"
"NJA","1967","4","26","13","9","26","1","3","36","42","78"
"NOB","1967","1","23","6","14","20","11","4","48","30","78"
"OAK","1967","6","12","18","4","32","6","6","22","56","78"
"PTP","1967","1","31","6","20","16","3","2","54","24","78"
"BAL","1967","6","17","19","12","23","7","4","36","46","82"
"BOS","1967","2","28","9","20","16","6","3","54","28","82"
"CHI","1967","4","11","22","12","23","6","8","29","53","82"
"CIN","1967","5","18","12","13","23","8","8","39","43","82"
"DET","1967","4","21","11","12","23","7","8","40","42","82"
"LAL","1967","2","30","11","18","19","4","0","52","30","82"
"NYK","1967","3","20","17","21","16","2","6","43","39","82"
"PHI","1967","1","27","8","25","12","10","0","62","20","82"
"SDR","1967","6","8","33","4","26","3","8","15","67","82"
"SEA","1967","5","9","19","7","24","7","16","23","59","82"
"SFW","1967","3","27","14","16","23","0","2","43","39","82"
"STL","1967","1","25","7","22","13","9","6","56","26","82"
"DLC","1968","4","24","13","14","21","3","3","41","37","78"
"DNR","1968","3","32","7","9","26","3","1","44","34","78"
"HSM","1968","6","15","23","7","28","1","4","23","55","78"
"INA","1968","1","29","10","15","22","0","2","44","34","78"
"KEN","1968","3","27","13","14","21","1","2","42","36","78"
"LAS","1968","5","22","17","10","25","1","3","33","45","78"
"MMF","1968","2","19","10","16","21","8","4","43","35","78"
"MNP","1968","4","15","12","13","25","8","5","36","42","78"
"NOB","1968","2","23","8","17","20","6","4","46","32","78"
"NYA","1968","5","12","27","5","29","0","5","17","61","78"
"OAK","1968","1","30","8","28","10","2","0","60","18","78"
"ATL","1968","2","28","12","18","21","2","1","48","34","82"
"BAL","1968","1","29","9","24","15","4","1","57","25","82"
"BOS","1968","4","24","12","21","19","3","3","48","34","82"
"CHI","1968","5","19","21","12","25","2","3","33","49","82"
"CIN","1968","5","15","13","16","21","10","7","41","41","82"
"DET","1968","6","21","17","7","30","4","3","32","50","82"
"LAL","1968","1","32","9","21","18","2","0","55","27","82"
"MIL","1968","7","15","19","8","27","4","9","27","55","82"
"NYK","1968","3","30","7","19","20","5","1","54","28","82"
"PHI","1968","2","26","8","24","16","5","3","55","27","82"
"PHO","1968","7","11","26","4","28","1","12","16","66","82"
"SDR","1968","4","25","16","8","25","4","4","37","45","82"
"SEA","1968","6","18","18","6","29","6","5","30","52","82"
"SFW","1968","3","22","19","18","21","1","1","41","41","82"
"CAR","1969","3","28","14","14","27","0","1","42","42","84"
"DLC","1969","2","23","14","14","22","8","3","45","39","84"
"DNR","1969","1","36","5","11","25","4","3","51","33","84"
"INA","1969","1","28","9","26","14","5","2","59","25","84"
"KEN","1969","2","27","14","14","23","4","2","45","39","84"
"LAS","1969","4","21","15","14","24","8","2","43","41","84"
"MMF","1969","6","18","20","4","33","1","8","23","61","84"
"NOB","1969","5","28","11","11","26","3","5","42","42","84"
"NYA","1969","4","23","19","13","25","3","1","39","45","84"
"PTP","1969","5","21","17","8","32","0","6","29","55","84"
"WSA","1969","3","20","10","19","22","5","8","44","40","84"
"ATL","1969","1","25","13","18","16","5","5","48","34","82"
"BAL","1969","3","25","12","19","18","6","2","50","32","82"
"BOS","1969","6","16","21","13","27","5","0","34","48","82"
"CHI","1969","3","23","10","9","25","7","8","39","43","82"
"CIN","1969","5","19","13","14","25","3","8","36","46","82"
"DET","1969","7","18","20","10","25","3","6","31","51","82"
"LAL","1969","2","27","14","17","21","2","1","46","36","82"
"MIL","1969","2","27","11","24","14","5","1","56","26","82"
"NYK","1969","1","30","11","27","10","3","1","60","22","82"
"PHI","1969","4","22","16","16","22","4","2","42","40","82"
"PHO","1969","3","22","15","12","25","5","3","39","43","82"
"SDR","1969","7","21","17","4","33","2","5","27","55","82"
"SEA","1969","5","22","14","10","26","4","6","36","46","82"
"SFW","1969","6","16","20","14","26","0","6","30","52","82"
"CAR","1970","6","20","22","14","26","0","2","34","50","84"
"DNR","1970","4","19","21","10","31","1","2","30","54","84"
"FLO","1970","4","22","17","11","27","4","3","37","47","84"
"INA","1970","1","29","10","25","15","4","1","58","26","84"
"KEN","1970","2","26","15","18","23","0","2","44","40","84"
"MMP","1970","3","18","14","16","25","7","4","41","43","84"
"NYA","1970","3","25","17","14","26","1","1","40","44","84"
"PTC","1970","5","24","16","11","28","1","4","36","48","84"
"TEX","1970","4","18","24","11","26","1","4","30","54","84"
"UTS","1970","2","33","7","20","19","4","1","57","27","84"
"VIR","1970","1","32","9","22","20","1","0","55","29","84"
"ATL","1970","2","21","20","14","26","1","0","36","46","82"
"BAL","1970","1","24","13","16","25","2","2","42","40","82"
"BOS","1970","3","25","14","18","22","1","2","44","38","82"
"BUF","1970","4","14","23","6","30","2","7","22","60","82"
"CHI","1970","2","30","11","17","19","4","1","51","31","82"
"CIN","1970","3","17","16","11","28","5","5","33","49","82"
"CLE","1970","4","11","30","2","37","2","0","15","67","82"
"DET","1970","4","24","17","20","19","1","1","45","37","82"
"LAL","1970","1","30","11","17","22","1","1","48","34","82"
"MIL","1970","1","34","2","28","13","4","1","66","16","82"
"NYK","1970","1","32","9","19","20","1","1","52","30","82"
"PHI","1970","2","24","15","21","18","2","2","47","35","82"
"PHO","1970","3","27","14","19","20","2","0","48","34","82"
"POR","1970","5","18","21","9","26","2","6","29","53","82"
"SDR","1970","3","24","15","15","26","1","1","40","42","82"
"SEA","1970","4","27","13","11","30","0","1","38","44","82"
"SFW","1970","2","20","18","19","21","2","2","41","41","82"
"CAR","1971","5","20","22","14","26","1","1","35","49","84"
"DLC","1971","3","25","15","15","25","2","2","42","42","84"
"DNR","1971","4","25","15","7","32","2","3","34","50","84"
"FLO","1971","4","23","18","12","30","1","0","36","48","84"
"INA","1971","2","28","12","17","24","2","1","47","37","84"
"KEN","1971","1","36","6","28","10","4","0","68","16","84"
"MMP","1971","5","16","21","8","31","2","6","26","58","84"
"NYA","1971","3","27","15","17","25","0","0","44","40","84"
"PTC","1971","6","15","22","9","31","1","6","25","59","84"
"UTS","1971","1","31","9","26","14","3","1","60","24","84"
"VIR","1971","2","23","18","20","21","2","0","45","39","84"
"ATL","1971","2","22","19","13","26","1","1","36","46","82"
"BAL","1971","1","18","15","16","24","4","5","38","44","82"
"BOS","1971","1","32","9","21","16","3","1","56","26","82"
"BUF","1971","4","13","27","8","31","1","2","22","60","82"
"CHI","1971","2","29","12","26","12","2","1","57","25","82"
"CIN","1971","3","20","18","8","32","2","2","30","52","82"
"CLE","1971","4","13","28","8","30","2","1","23","59","82"
"DET","1971","4","16","25","9","30","1","1","26","56","82"
"GSW","1971","2","27","8","21","20","3","3","51","31","82"
"HOU","1971","4","15","20","14","23","5","5","34","48","82"
"LAL","1971","1","36","5","31","7","2","1","69","13","82"
"MIL","1971","1","31","5","27","12","5","2","63","19","82"
"NYK","1971","2","27","14","20","19","1","1","48","34","82"
"PHI","1971","3","14","23","14","26","2","3","30","52","82"
"PHO","1971","3","30","11","19","20","0","2","49","33","82"
"POR","1971","5","14","26","4","35","0","3","18","64","82"
"SEA","1971","3","28","12","18","22","1","1","47","35","82"
"CAR","1972","1","30","12","27","15","0","0","57","27","84"
"DLC","1972","5","17","18","7","35","4","3","28","56","84"
"DNR","1972","3","30","9","13","28","4","0","47","37","84"
"INA","1972","2","32","9","17","23","2","1","51","33","84"
"KEN","1972","2","33","9","23","19","0","0","56","28","84"
"MMT","1972","5","19","23","5","35","0","2","24","60","84"
"NYA","1972","4","21","21","9","31","0","2","30","54","84"
"SDA","1972","4","21","21","8","31","1","2","30","54","84"
"UTS","1972","1","37","5","18","23","0","1","55","29","84"
"VIR","1972","3","31","11","11","31","0","0","42","42","84"
"ATL","1972","2","28","13","17","23","1","0","46","36","82"
"BAL","1972","1","24","9","21","17","7","4","52","30","82"
"BOS","1972","1","33","6","32","8","3","0","68","14","82"
"BUF","1972","3","14","27","6","31","1","3","21","61","82"
"CHI","1972","2","29","12","20","19","2","0","51","31","82"
"CLE","1972","4","20","21","10","27","2","2","32","50","82"
"DET","1972","3","26","15","13","25","1","2","40","42","82"
"GSW","1972","2","27","14","18","20","2","1","47","35","82"
"HOU","1972","3","14","14","10","28","9","7","33","49","82"
"KCO","1972","4","24","17","12","29","0","0","36","46","82"
"LAL","1972","1","30","11","28","11","2","0","60","22","82"
"MIL","1972","1","33","5","25","15","2","2","60","22","82"
"NYK","1972","2","35","6","21","18","1","1","57","25","82"
"PHI","1972","4","5","26","2","36","2","11","9","73","82"
"PHO","1972","3","22","19","15","25","1","0","38","44","82"
"POR","1972","5","13","28","8","32","0","1","21","61","82"
"SEA","1972","4","16","25","10","29","0","2","26","56","82"
"CAR","1973","3","29","13","18","24","0","0","47","37","84"
"DNR","1973","4","24","18","13","28","0","1","37","47","84"
"INA","1973","2","29","11","15","27","2","0","46","38","84"
"KEN","1973","2","30","12","23","19","0","0","53","31","84"
"MMT","1973","5","14","28","7","35","0","0","21","63","84"
"NYA","1973","1","31","11","24","18","0","0","55","29","84"
"SAA","1973","3","27","15","18","24","0","0","45","39","84"
"SDA","1973","4","20","22","17","25","0","0","37","47","84"
"UTS","1973","1","33","9","18","24","0","0","51","33","84"
"VIR","1973","4","22","20","6","35","0","1","28","56","84"
"ATL","1973","2","23","18","12","25","0","4","35","47","82"
"BOS","1973","1","26","6","21","18","9","2","56","26","82"
"BUF","1973","3","19","13","17","21","6","6","42","40","82"
"CAP","1973","1","31","10","15","25","1","0","47","35","82"
"CHI","1973","2","32","9","21","19","1","0","54","28","82"
"CLE","1973","4","18","23","11","28","0","2","29","53","82"
"DET","1973","3","29","12","23","17","0","1","52","30","82"
"GSW","1973","2","23","18","20","20","1","0","44","38","82"
"HOU","1973","3","18","23","13","25","1","2","32","50","82"
"KCO","1973","4","20","21","13","28","0","0","33","49","82"
"LAL","1973","1","30","11","17","24","0","0","47","35","82"
"MIL","1973","1","31","7","24","16","4","0","59","23","82"
"NYK","1973","2","28","13","21","19","0","1","49","33","82"
"PHI","1973","4","14","23","9","30","2","4","25","57","82"
"PHO","1973","4","24","17","6","34","0","1","30","52","82"
"POR","1973","5","22","19","5","34","0","2","27","55","82"
"SEA","1973","3","22","19","14","27","0","0","36","46","82"
"DNA","1974","1","40","2","25","17","0","0","65","19","84"
"INA","1974","3","30","10","14","28","1","1","45","39","84"
"KEN","1974","1","39","3","19","23","0","0","58","26","84"
"MMS","1974","4","17","25","10","32","0","0","27","57","84"
"NYA","1974","1","35","7","22","19","1","0","58","26","84"
"SAA","1974","2","32","10","19","23","0","0","51","33","84"
"SDA","1974","5","22","20","9","33","0","0","31","53","84"
"SSL","1974","3","23","19","9","32","0","1","32","52","84"
"UTS","1974","4","29","13","9","33","0","0","38","46","84"
"VIR","1974","5","11","31","4","38","0","0","15","69","84"
"ATL","1974","4","22","19","9","32","0","0","31","51","82"
"BOS","1974","1","28","13","32","9","0","0","60","22","82"
"BUF","1974","2","30","11","19","22","0","0","49","33","82"
"CHI","1974","1","29","12","18","23","0","0","47","35","82"
"CLE","1974","3","29","12","11","30","0","0","40","42","82"
"DET","1974","3","26","15","14","27","0","0","40","42","82"
"GSW","1974","1","31","10","17","24","0","0","48","34","82"
"HOU","1974","2","29","12","12","29","0","0","41","41","82"
"KCO","1974","2","29","12","15","26","0","0","44","38","82"
"LAL","1974","5","21","20","9","32","0","0","30","52","82"
"MIL","1974","4","25","16","13","28","0","0","38","44","82"
"NOJ","1974","5","20","21","3","38","0","0","23","59","82"
"NYK","1974","3","23","18","17","24","0","0","40","42","82"
"PHI","1974","4","20","21","14","27","0","0","34","48","82"
"PHO","1974","4","22","19","10","31","0","0","32","50","82"
"POR","1974","3","28","13","10","31","0","0","38","44","82"
"SEA","1974","2","24","17","19","22","0","0","43","39","82"
"WSB","1974","1","36","5","24","17","0","0","60","22","82"
"DNA","1975","1","39","3","21","21","0","0","60","24","84"
"INA","1975","5","22","19","16","26","1","0","39","45","84"
"KEN","1975","4","32","10","14","27","0","1","46","38","84"
"NYA","1975","2","36","6","19","23","0","0","55","29","84"
"SAA","1975","3","30","12","20","21","0","1","50","34","84"
"SDS","1975","7","1","2","2","6","0","0","3","8","11"
"SSL","1975","6","21","21","13","28","1","0","35","49","84"
"UTS","1975","8","4","5","0","7","0","0","4","12","16"
"VIR","1975","9","13","29","2","39","0","0","15","68","83"
"ATL","1975","5","20","21","9","32","0","0","29","53","82"
"BOS","1975","1","31","10","23","18","0","0","54","28","82"
"BUF","1975","2","28","13","18","23","0","0","46","36","82"
"CHI","1975","4","15","26","9","32","0","0","24","58","82"
"CLE","1975","1","29","12","20","21","0","0","49","33","82"
"DET","1975","2","24","17","12","29","0","0","36","46","82"
"GSW","1975","1","36","5","23","18","0","0","59","23","82"
"HOU","1975","3","28","13","12","29","0","0","40","42","82"
"KCK","1975","3","25","16","6","35","0","0","31","51","82"
"LAL","1975","4","31","10","9","32","0","0","40","42","82"
"MIL","1975","1","22","19","16","25","0","0","38","44","82"
"NOJ","1975","4","22","19","16","25","0","0","38","44","82"
"NYK","1975","4","24","17","14","27","0","0","38","44","82"
"PHI","1975","2","34","7","12","29","0","0","46","36","82"
"PHO","1975","3","27","14","15","26","0","0","42","40","82"
"POR","1975","5","26","15","11","30","0","0","37","45","82"
"SEA","1975","2","31","10","12","29","0","0","43","39","82"
"WSB","1975","2","31","10","17","24","0","0","48","34","82"
"ATL","1976","6","19","22","12","29","0","0","31","51","82"
"BOS","1976","2","28","13","16","25","0","0","44","38","82"
"BUF","1976","4","23","18","7","34","0","0","30","52","82"
"CHI","1976","2","31","10","13","28","0","0","44","38","82"
"CLE","1976","4","29","12","14","27","0","0","43","39","82"
"DEN","1976","1","36","5","14","27","0","0","50","32","82"
"DET","1976","2","30","11","14","27","0","0","44","38","82"
"GSW","1976","3","29","12","17","24","0","0","46","36","82"
"HOU","1976","1","34","7","15","26","0","0","49","33","82"
"IND","1976","5","25","16","11","30","0","0","36","46","82"
"KCK","1976","4","28","13","12","29","0","0","40","42","82"
"LAL","1976","1","37","4","16","25","0","0","53","29","82"
"MIL","1976","6","24","17","6","35","0","0","30","52","82"
"NOJ","1976","5","26","15","9","32","0","0","35","47","82"
"NYK","1976","3","26","15","14","27","0","0","40","42","82"
"NYN","1976","5","10","31","12","29","0","0","22","60","82"
"PHI","1976","1","32","9","18","23","0","0","50","32","82"
"PHO","1976","5","26","15","8","33","0","0","34","48","82"
"POR","1976","2","35","6","14","27","0","0","49","33","82"
"SAS","1976","3","31","10","13","28","0","0","44","38","82"
"SEA","1976","4","27","14","13","28","0","0","40","42","82"
"WSB","1976","2","32","9","16","25","0","0","48","34","82"
"ATL","1977","4","29","12","12","29","0","0","41","41","82"
"BOS","1977","3","24","17","8","33","0","0","32","50","82"
"BUF","1977","4","20","21","7","34","0","0","27","55","82"
"CHI","1977","3","29","12","11","30","0","0","40","42","82"
"CLE","1977","3","27","14","16","25","0","0","43","39","82"
"DEN","1977","1","33","8","15","26","0","0","48","34","82"
"DET","1977","4","24","17","14","27","0","0","38","44","82"
"GSW","1977","5","30","11","13","28","0","0","43","39","82"
"HOU","1977","6","21","20","7","34","0","0","28","54","82"
"IND","1977","5","21","20","10","31","0","0","31","51","82"
"KCK","1977","5","22","19","9","32","0","0","31","51","82"
"LAL","1977","4","29","12","16","25","0","0","45","37","82"
"MIL","1977","2","28","13","16","25","0","0","44","38","82"
"NJN","1977","5","18","23","6","35","0","0","24","58","82"
"NOJ","1977","5","27","14","12","29","0","0","39","43","82"
"NYK","1977","2","29","12","14","27","0","0","43","39","82"
"PHI","1977","1","37","4","18","23","0","0","55","27","82"
"PHO","1977","2","34","7","15","26","0","0","49","33","82"
"POR","1977","1","36","5","22","19","0","0","58","24","82"
"SAS","1977","1","32","9","20","21","0","0","52","30","82"
"SEA","1977","3","31","10","16","25","0","0","47","35","82"
"WSB","1977","2","29","12","15","26","0","0","44","38","82"
"ATL","1978","3","34","7","12","29","0","0","46","36","82"
"BOS","1978","5","21","20","8","33","0","0","29","53","82"
"CHI","1978","5","19","22","12","29","0","0","31","51","82"
"CLE","1978","4","20","21","10","31","0","0","30","52","82"
"DEN","1978","2","29","12","18","23","0","0","47","35","82"
"DET","1978","4","22","19","8","33","0","0","30","52","82"
"GSW","1978","6","23","18","15","26","0","0","38","44","82"
"HOU","1978","2","30","11","17","24","0","0","47","35","82"
"IND","1978","3","25","16","13","28","0","0","38","44","82"
"KCK","1978","1","32","9","16","25","0","0","48","34","82"
"LAL","1978","3","31","10","16","25","0","0","47","35","82"
"MIL","1978","3","28","13","10","31","0","0","38","44","82"
"NJN","1978","3","25","16","12","29","0","0","37","45","82"
"NOJ","1978","6","22","19","4","37","0","0","26","56","82"
"NYK","1978","4","23","18","8","33","0","0","31","51","82"
"PHI","1978","2","31","10","16","25","0","0","47","35","82"
"PHO","1978","2","32","9","18","23","0","0","50","32","82"
"POR","1978","4","33","8","12","29","0","0","45","37","82"
"SAS","1978","2","29","12","19","22","0","0","48","34","82"
"SDC","1978","5","29","12","14","27","0","0","43","39","82"
"SEA","1978","1","31","10","21","20","0","0","52","30","82"
"WSB","1978","1","31","10","23","18","0","0","54","28","82"
"ATL","1979","1","32","9","18","23","0","0","50","32","82"
"BOS","1979","1","35","6","26","15","0","0","61","21","82"
"CHI","1979","3","21","20","9","32","0","0","30","52","82"
"CLE","1979","4","28","13","9","32","0","0","37","45","82"
"DEN","1979","3","24","17","6","35","0","0","30","52","82"
"DET","1979","6","13","28","3","38","0","0","16","66","82"
"GSW","1979","6","15","26","9","32","0","0","24","58","82"
"HOU","1979","2","29","12","12","29","0","0","41","41","82"
"IND","1979","4","26","15","11","30","0","0","37","45","82"
"KCK","1979","2","30","11","17","24","0","0","47","35","82"
"LAL","1979","1","37","4","23","18","0","0","60","22","82"
"MIL","1979","1","28","13","21","20","0","0","49","33","82"
"NJN","1979","5","22","19","12","29","0","0","34","48","82"
"NYK","1979","3","25","16","14","27","0","0","39","43","82"
"PHI","1979","2","36","5","23","18","0","0","59","23","82"
"PHO","1979","3","36","5","19","22","0","0","55","27","82"
"POR","1979","4","26","15","12","29","0","0","38","44","82"
"SAS","1979","2","27","14","14","27","0","0","41","41","82"
"SDC","1979","5","24","17","11","30","0","0","35","47","82"
"SEA","1979","2","33","8","23","18","0","0","56","26","82"
"UTA","1979","5","17","24","7","34","0","0","24","58","82"
"WSB","1979","3","24","17","15","26","0","0","39","43","82"
"ATL","1980","4","20","21","11","30","0","0","31","51","82"
"BOS","1980","1","35","6","27","14","0","0","62","20","82"
"CHI","1980","2","26","15","19","22","0","0","45","37","82"
"CLE","1980","5","20","21","8","33","0","0","28","54","82"
"DAL","1980","6","11","30","4","37","0","0","15","67","82"
"DEN","1980","4","23","18","14","27","0","0","37","45","82"
"DET","1980","6","14","27","7","34","0","0","21","61","82"
"GSW","1980","4","26","15","13","28","0","0","39","43","82"
"HOU","1980","2","25","16","15","26","0","0","40","42","82"
"IND","1980","3","27","14","17","24","0","0","44","38","82"
"KCK","1980","2","24","17","16","25","0","0","40","42","82"
"LAL","1980","2","30","11","24","17","0","0","54","28","82"
"MIL","1980","1","34","7","26","15","0","0","60","22","82"
"NJN","1980","5","16","25","8","33","0","0","24","58","82"
"NYK","1980","3","28","13","22","19","0","0","50","32","82"
"PHI","1980","1","37","4","25","16","0","0","62","20","82"
"PHO","1980","1","36","5","21","20","0","0","57","25","82"
"POR","1980","3","30","11","15","26","0","0","45","37","82"
"SAS","1980","1","34","7","18","23","0","0","52","30","82"
"SDC","1980","5","22","19","14","27","0","0","36","46","82"
"SEA","1980","6","22","19","12","29","0","0","34","48","82"
"UTA","1980","5","20","21","8","33","0","0","28","54","82"
"WSB","1980","4","26","15","13","28","0","0","39","43","82"
"ATL","1981","2","24","17","18","23","0","0","42","40","82"
"BOS","1981","1","35","6","28","13","0","0","63","19","82"
"CHI","1981","5","22","19","12","29","0","0","34","48","82"
"CLE","1981","6","9","32","6","35","0","0","15","67","82"
"DAL","1981","5","16","25","12","29","0","0","28","54","82"
"DEN","1981","2","29","12","17","24","0","0","46","36","82"
"DET","1981","3","23","18","16","25","0","0","39","43","82"
"GSW","1981","4","28","13","17","24","0","0","45","37","82"
"HOU","1981","2","25","16","21","20","0","0","46","36","82"
"IND","1981","4","25","16","10","31","0","0","35","47","82"
"KCK","1981","4","23","18","7","34","0","0","30","52","82"
"LAL","1981","1","30","11","27","14","0","0","57","25","82"
"MIL","1981","1","31","10","24","17","0","0","55","27","82"
"NJN","1981","3","25","16","19","22","0","0","44","38","82"
"NYK","1981","5","19","22","14","27","0","0","33","49","82"
"PHI","1981","2","32","9","26","15","0","0","58","24","82"
"PHO","1981","3","31","10","15","26","0","0","46","36","82"
"POR","1981","5","27","14","15","26","0","0","42","40","82"
"SAS","1981","1","29","12","19","22","0","0","48","34","82"
"SDC","1981","6","11","30","6","35","0","0","17","65","82"
"SEA","1981","2","31","10","21","20","0","0","52","30","82"
"UTA","1981","6","18","23","7","34","0","0","25","57","82"
"WSB","1981","4","22","19","21","20","0","0","43","39","82"
"ATL","1982","2","26","15","17","24","0","0","43","39","82"
"BOS","1982","2","33","8","23","18","0","0","56","26","82"
"CHI","1982","4","18","23","10","31","0","0","28","54","82"
"CLE","1982","5","15","26","8","33","0","0","23","59","82"
"DAL","1982","4","23","18","15","26","0","0","38","44","82"
"DEN","1982","2","29","12","16","25","0","0","45","37","82"
"DET","1982","3","23","18","14","27","0","0","37","45","82"
"GSW","1982","5","21","20","9","32","0","0","30","52","82"
"HOU","1982","6","9","32","5","36","0","0","14","68","82"
"IND","1982","6","14","27","6","35","0","0","20","62","82"
"KCK","1982","2","30","11","15","26","0","0","45","37","82"
"LAL","1982","0","33","8","25","16","0","0","58","24","82"
"MIL","1982","1","31","10","20","21","0","0","51","31","82"
"NJN","1982","3","30","11","19","22","0","0","49","33","82"
"NYK","1982","4","26","15","18","23","0","0","44","38","82"
"PHI","1982","1","35","6","30","11","0","0","65","17","82"
"PHO","1982","2","32","9","21","20","0","0","53","29","82"
"POR","1982","4","31","10","15","26","0","0","46","36","82"
"SAS","1982","1","31","10","22","19","0","0","53","29","82"
"SDC","1982","6","18","23","7","34","0","0","25","57","82"
"SEA","1982","3","29","12","19","22","0","0","48","34","82"
"UTA","1982","5","21","20","9","32","0","0","30","52","82"
"WSB","1982","5","27","14","15","26","0","0","42","40","82"
"ATL","1983","3","31","10","9","32","0","0","40","42","82"
"BOS","1983","1","33","8","29","12","0","0","62","20","82"
"CHI","1983","5","18","23","9","32","0","0","27","55","82"
"CLE","1983","4","23","18","5","36","0","0","28","54","82"
"DAL","1983","2","31","10","12","29","0","0","43","39","82"
"DEN","1983","3","27","14","11","30","0","0","38","44","82"
"DET","1983","2","30","11","19","22","0","0","49","33","82"
"GSW","1983","5","27","14","10","31","0","0","37","45","82"
"HOU","1983","6","21","20","8","33","0","0","29","53","82"
"IND","1983","6","20","21","6","35","0","0","26","56","82"
"KCK","1983","3","26","15","12","29","0","0","38","44","82"
"LAL","1983","1","28","13","26","15","0","0","54","28","82"
"MIL","1983","1","30","11","20","21","0","0","50","32","82"
"NJN","1983","4","29","12","16","25","0","0","45","37","82"
"NYK","1983","3","29","12","18","23","0","0","47","35","82"
"PHI","1983","2","32","9","20","21","0","0","52","30","82"
"PHO","1983","4","31","10","10","31","0","0","41","41","82"
"POR","1983","2","33","8","15","26","0","0","48","34","82"
"SAS","1983","5","28","13","9","32","0","0","37","45","82"
"SDC","1983","6","25","16","5","36","0","0","30","52","82"
"SEA","1983","3","32","9","10","31","0","0","42","40","82"
"UTA","1983","1","31","10","14","27","0","0","45","37","82"
"WSB","1983","5","25","16","10","31","0","0","35","47","82"
"ATL","1984","5","19","22","15","26","0","0","34","48","82"
"BOS","1984","1","35","6","28","13","0","0","63","19","82"
"CHI","1984","3","26","15","12","29","0","0","38","44","82"
"CLE","1984","4","20","21","16","25","0","0","36","46","82"
"DAL","1984","3","24","17","20","21","0","0","44","38","82"
"DEN","1984","1","34","7","18","23","0","0","52","30","82"
"DET","1984","2","26","15","20","21","0","0","46","36","82"
"GSW","1984","6","17","24","5","36","0","0","22","60","82"
"HOU","1984","2","29","12","19","22","0","0","48","34","82"
"IND","1984","6","16","25","6","35","0","0","22","60","82"
"KCK","1984","6","23","18","8","33","0","0","31","51","82"
"LAC","1984","4","20","21","11","30","0","0","31","51","82"
"LAL","1984","1","36","5","26","15","0","0","62","20","82"
"MIL","1984","1","36","5","23","18","0","0","59","23","82"
"NJN","1984","3","27","14","15","26","0","0","42","40","82"
"NYK","1984","5","19","22","5","36","0","0","24","58","82"
"PHI","1984","2","34","7","24","17","0","0","58","24","82"
"PHO","1984","3","26","15","10","31","0","0","36","46","82"
"POR","1984","2","30","11","12","29","0","0","42","40","82"
"SAS","1984","4","30","11","11","30","0","0","41","41","82"
"SEA","1984","4","20","21","11","30","0","0","31","51","82"
"UTA","1984","4","26","15","15","26","0","0","41","41","82"
"WSB","1984","4","28","13","12","29","0","0","40","42","82"
"ATL","1985","2","34","7","16","25","0","0","50","32","82"
"BOS","1985","1","40","1","27","14","0","0","67","15","82"
"CHI","1985","4","22","19","8","33","0","0","30","52","82"
"CLE","1985","5","16","25","13","28","0","0","29","53","82"
"DAL","1985","3","26","15","18","23","0","0","44","38","82"
"DEN","1985","2","34","7","13","28","0","0","47","35","82"
"DET","1985","3","31","10","15","26","0","0","46","36","82"
"GSW","1985","6","24","17","6","35","0","0","30","52","82"
"HOU","1985","1","36","5","15","26","0","0","51","31","82"
"IND","1985","6","19","22","7","34","0","0","26","56","82"
"LAC","1985","3","22","19","10","31","0","0","32","50","82"
"LAL","1985","1","35","6","27","14","0","0","62","20","82"
"MIL","1985","1","33","8","24","17","0","0","57","25","82"
"NJN","1985","3","26","15","13","28","0","0","39","43","82"
"NYK","1985","5","15","26","8","33","0","0","23","59","82"
"PHI","1985","2","31","10","23","18","0","0","54","28","82"
"PHO","1985","3","23","18","9","32","0","0","32","50","82"
"POR","1985","2","27","14","13","28","0","0","40","42","82"
"SAC","1985","5","25","16","12","29","0","0","37","45","82"
"SAS","1985","6","21","20","14","27","0","0","35","47","82"
"SEA","1985","5","24","17","7","34","0","0","31","51","82"
"UTA","1985","4","27","14","15","26","0","0","42","40","82"
"WSB","1985","3","26","15","13","28","0","0","39","43","82"
"ATL","1986","1","35","6","22","19","0","0","57","25","82"
"BOS","1986","1","39","2","20","21","0","0","59","23","82"
"CHI","1986","5","29","12","11","30","0","0","40","42","82"
"CLE","1986","6","25","16","6","35","0","0","31","51","82"
"DAL","1986","1","35","6","20","21","0","0","55","27","82"
"DEN","1986","4","27","14","10","31","0","0","37","45","82"
"DET","1986","2","32","9","20","21","0","0","52","30","82"
"GSW","1986","3","25","16","17","24","0","0","42","40","82"
"HOU","1986","3","25","16","17","24","0","0","42","40","82"
"IND","1986","4","28","13","13","28","0","0","41","41","82"
"LAC","1986","6","9","32","3","38","0","0","12","70","82"
"LAL","1986","1","37","4","28","13","0","0","65","17","82"
"MIL","1986","3","32","9","18","23","0","0","50","32","82"
"NJN","1986","4","19","22","5","36","0","0","24","58","82"
"NYK","1986","4","18","23","6","35","0","0","24","58","82"
"PHI","1986","2","28","13","17","24","0","0","45","37","82"
"PHO","1986","5","26","15","10","31","0","0","36","46","82"
"POR","1986","2","34","7","15","26","0","0","49","33","82"
"SAC","1986","5","20","21","9","32","0","0","29","53","82"
"SAS","1986","6","21","20","7","34","0","0","28","54","82"
"SEA","1986","4","25","16","14","27","0","0","39","43","82"
"UTA","1986","2","31","10","13","28","0","0","44","38","82"
"WSB","1986","3","27","14","15","26","0","0","42","40","82"
"ATL","1987","2","30","11","20","21","0","0","50","32","82"
"BOS","1987","1","36","5","21","20","0","0","57","25","82"
"CHI","1987","2","30","11","20","21","0","0","50","32","82"
"CLE","1987","4","31","10","11","30","0","0","42","40","82"
"DAL","1987","2","33","8","20","21","0","0","53","29","82"
"DEN","1987","1","35","6","19","22","0","0","54","28","82"
"DET","1987","1","34","7","20","21","0","0","54","28","82"
"GSW","1987","5","16","25","4","37","0","0","20","62","82"
"HOU","1987","4","31","10","15","26","0","0","46","36","82"
"IND","1987","6","25","16","13","28","0","0","38","44","82"
"LAC","1987","6","14","27","3","38","0","0","17","65","82"
"LAL","1987","1","36","5","26","15","0","0","62","20","82"
"MIL","1987","4","30","11","12","29","0","0","42","40","82"
"NJN","1987","5","16","25","3","38","0","0","19","63","82"
"NYK","1987","2","29","12","9","32","0","0","38","44","82"
"PHI","1987","4","27","14","9","32","0","0","36","46","82"
"PHO","1987","4","22","19","6","35","0","0","28","54","82"
"POR","1987","2","33","8","20","21","0","0","53","29","82"
"SAC","1987","6","19","22","5","36","0","0","24","58","82"
"SAS","1987","5","23","18","8","33","0","0","31","51","82"
"SEA","1987","3","32","9","12","29","0","0","44","38","82"
"UTA","1987","3","33","8","14","27","0","0","47","35","82"
"WSB","1987","2","25","16","13","28","0","0","38","44","82"
"ATL","1988","3","33","8","19","22","0","0","52","30","82"
"BOS","1988","3","32","9","10","31","0","0","42","40","82"
"CHH","1988","6","12","29","8","33","0","0","20","62","82"
"CHI","1988","5","30","11","17","24","0","0","47","35","82"
"CLE","1988","2","37","4","20","21","0","0","57","25","82"
"DAL","1988","4","24","17","14","27","0","0","38","44","82"
"DEN","1988","3","35","6","9","32","0","0","44","38","82"
"DET","1988","1","37","4","26","15","0","0","63","19","82"
"GSW","1988","4","29","12","14","27","0","0","43","39","82"
"HOU","1988","2","31","10","14","27","0","0","45","37","82"
"IND","1988","6","20","21","8","33","0","0","28","54","82"
"LAC","1988","7","17","24","4","37","0","0","21","61","82"
"LAL","1988","1","35","6","22","19","0","0","57","25","82"
"MIA","1988","6","12","29","3","38","0","0","15","67","82"
"MIL","1988","4","31","10","18","23","0","0","49","33","82"
"NJN","1988","5","17","24","9","32","0","0","26","56","82"
"NYK","1988","1","35","6","17","24","0","0","52","30","82"
"PHI","1988","2","30","11","16","25","0","0","46","36","82"
"PHO","1988","2","35","6","20","21","0","0","55","27","82"
"POR","1988","5","28","13","11","30","0","0","39","43","82"
"SAC","1988","6","21","20","6","35","0","0","27","55","82"
"SAS","1988","5","18","23","3","38","0","0","21","61","82"
"SEA","1988","3","31","10","16","25","0","0","47","35","82"
"UTA","1988","1","34","7","17","24","0","0","51","31","82"
"WSB","1988","4","30","11","10","31","0","0","40","42","82"
"ATL","1989","6","25","16","16","25","0","0","41","41","82"
"BOS","1989","2","30","11","22","19","0","0","52","30","82"
"CHH","1989","7","13","28","6","35","0","0","19","63","82"
"CHI","1989","2","36","5","19","22","0","0","55","27","82"
"CLE","1989","4","27","14","15","26","0","0","42","40","82"
"DAL","1989","3","30","11","17","24","0","0","47","35","82"
"DEN","1989","4","28","13","15","26","0","0","43","39","82"
"DET","1989","1","35","6","24","17","0","0","59","23","82"
"GSW","1989","5","27","14","10","31","0","0","37","45","82"
"HOU","1989","5","31","10","10","31","0","0","41","41","82"
"IND","1989","4","28","13","14","27","0","0","42","40","82"
"LAC","1989","6","20","21","10","31","0","0","30","52","82"
"LAL","1989","1","37","4","26","15","0","0","63","19","82"
"MIA","1989","5","11","30","7","34","0","0","18","64","82"
"MIL","1989","3","27","14","17","24","0","0","44","38","82"
"MIN","1989","6","17","24","5","36","0","0","22","60","82"
"NJN","1989","6","13","28","4","37","0","0","17","65","82"
"NYK","1989","3","29","12","16","25","0","0","45","37","82"
"ORL","1989","7","12","29","6","35","0","0","18","64","82"
"PHI","1989","1","34","7","19","22","0","0","53","29","82"
"PHO","1989","3","32","9","22","19","0","0","54","28","82"
"POR","1989","2","35","6","24","17","0","0","59","23","82"
"SAC","1989","7","16","25","7","34","0","0","23","59","82"
"SAS","1989","1","34","7","22","19","0","0","56","26","82"
"SEA","1989","4","30","11","11","30","0","0","41","41","82"
"UTA","1989","2","36","5","19","22","0","0","55","27","82"
"WSB","1989","4","20","21","11","30","0","0","31","51","82"
"ATL","1990","4","29","12","14","27","0","0","43","39","82"
"BOS","1990","1","35","6","21","20","0","0","56","26","82"
"CHH","1990","7","17","24","9","32","0","0","26","56","82"
"CHI","1990","1","35","6","26","15","0","0","61","21","82"
"CLE","1990","6","23","18","10","31","0","0","33","49","82"
"DAL","1990","6","20","21","8","33","0","0","28","54","82"
"DEN","1990","7","17","24","3","38","0","0","20","62","82"
"DET","1990","2","32","9","18","23","0","0","50","32","82"
"GSW","1990","4","30","11","14","27","0","0","44","38","82"
"HOU","1990","3","31","10","21","20","0","0","52","30","82"
"IND","1990","5","29","12","12","29","0","0","41","41","82"
"LAC","1990","6","23","18","8","33","0","0","31","51","82"
"LAL","1990","2","33","8","25","16","0","0","58","24","82"
"MIA","1990","6","18","23","6","35","0","0","24","58","82"
"MIL","1990","3","33","8","15","26","0","0","48","34","82"
"MIN","1990","5","21","20","8","33","0","0","29","53","82"
"NJN","1990","5","20","21","6","35","0","0","26","56","82"
"NYK","1990","3","21","20","18","23","0","0","39","43","82"
"ORL","1990","4","24","17","7","34","0","0","31","51","82"
"PHI","1990","2","29","12","15","26","0","0","44","38","82"
"PHO","1990","3","32","9","23","18","0","0","55","27","82"
"POR","1990","1","36","5","27","14","0","0","63","19","82"
"SAC","1990","7","24","17","1","40","0","0","25","57","82"
"SAS","1990","1","33","8","22","19","0","0","55","27","82"
"SEA","1990","5","28","13","13","28","0","0","41","41","82"
"UTA","1990","2","36","5","18","23","0","0","54","28","82"
"WSB","1990","4","21","20","9","32","0","0","30","52","82"
"ATL","1991","5","23","18","15","26","0","0","38","44","82"
"BOS","1991","1","34","7","17","24","0","0","51","31","82"
"CHH","1991","6","22","19","9","32","0","0","31","51","82"
"CHI","1991","1","36","5","31","10","0","0","67","15","82"
"CLE","1991","2","35","6","22","19","0","0","57","25","82"
"DAL","1991","5","15","26","7","34","0","0","22","60","82"
"DEN","1991","4","18","23","6","35","0","0","24","58","82"
"DET","1991","3","25","16","23","18","0","0","48","34","82"
"GSW","1991","2","31","10","24","17","0","0","55","27","82"
"HOU","1991","3","28","13","14","27","0","0","42","40","82"
"IND","1991","4","26","15","14","27","0","0","40","42","82"
"LAC","1991","5","29","12","16","25","0","0","45","37","82"
"LAL","1991","6","24","17","19","22","0","0","43","39","82"
"MIA","1991","4","28","13","10","31","0","0","38","44","82"
"MIL","1991","6","25","16","6","35","0","0","31","51","82"
"MIN","1991","6","9","32","6","35","0","0","15","67","82"
"NJN","1991","3","25","16","15","26","0","0","40","42","82"
"NYK","1991","1","30","11","21","20","0","0","51","31","82"
"ORL","1991","7","13","28","8","33","0","0","21","61","82"
"PHI","1991","5","23","18","12","29","0","0","35","47","82"
"PHO","1991","3","36","5","17","24","0","0","53","29","82"
"POR","1991","1","33","8","24","17","0","0","57","25","82"
"SAC","1991","7","21","20","8","33","0","0","29","53","82"
"SAS","1991","2","31","10","16","25","0","0","47","35","82"
"SEA","1991","4","28","13","19","22","0","0","47","35","82"
"UTA","1991","1","37","4","18","23","0","0","55","27","82"
"WSB","1991","6","14","27","11","30","0","0","25","57","82"
"ATL","1992","4","25","16","18","23","0","0","43","39","82"
"BOS","1992","2","28","13","20","21","0","0","48","34","82"
"CHH","1992","3","22","19","22","19","0","0","44","38","82"
"CHI","1992","1","31","10","26","15","0","0","57","25","82"
"CLE","1992","2","35","6","19","22","0","0","54","28","82"
"DAL","1992","6","7","34","4","37","0","0","11","71","82"
"DEN","1992","4","28","13","8","33","0","0","36","46","82"
"DET","1992","6","28","13","12","29","0","0","40","42","82"
"GSW","1992","6","19","22","15","26","0","0","34","48","82"
"HOU","1992","1","31","10","24","17","0","0","55","27","82"
"IND","1992","5","27","14","14","27","0","0","41","41","82"
"LAC","1992","4","27","14","14","27","0","0","41","41","82"
"LAL","1992","5","20","21","19","22","0","0","39","43","82"
"MIA","1992","5","26","15","10","31","0","0","36","46","82"
"MIL","1992","7","18","23","10","31","0","0","28","54","82"
"MIN","1992","5","11","30","8","33","0","0","19","63","82"
"NJN","1992","3","26","15","17","24","0","0","43","39","82"
"NYK","1992","1","37","4","23","18","0","0","60","22","82"
"ORL","1992","4","27","14","14","27","0","0","41","41","82"
"PHI","1992","6","15","26","11","30","0","0","26","56","82"
"PHO","1992","1","35","6","27","14","0","0","62","20","82"
"POR","1992","3","30","11","21","20","0","0","51","31","82"
"SAC","1992","7","16","25","9","32","0","0","25","57","82"
"SAS","1992","2","31","10","18","23","0","0","49","33","82"
"SEA","1992","2","33","8","22","19","0","0","55","27","82"
"UTA","1992","3","28","13","19","22","0","0","47","35","82"
"WSB","1992","7","15","26","7","34","0","0","22","60","82"
"ATL","1993","1","36","5","21","20","0","0","57","25","82"
"BOS","1993","5","18","23","14","27","0","0","32","50","82"
"CHH","1993","5","28","13","13","28","0","0","41","41","82"
"CHI","1993","2","31","10","24","17","0","0","55","27","82"
"CLE","1993","3","31","10","16","25","0","0","47","35","82"
"DAL","1993","6","6","35","7","34","0","0","13","69","82"
"DEN","1993","4","28","13","14","27","0","0","42","40","82"
"DET","1993","6","10","31","10","31","0","0","20","62","82"
"GSW","1993","3","29","12","21","20","0","0","50","32","82"
"HOU","1993","1","35","6","23","18","0","0","58","24","82"
"IND","1993","3","29","12","18","23","0","0","47","35","82"
"LAC","1993","7","17","24","10","31","0","0","27","55","82"
"LAL","1993","5","21","20","12","29","0","0","33","49","82"
"MIA","1993","4","22","19","20","21","0","0","42","40","82"
"MIL","1993","6","11","30","9","32","0","0","20","62","82"
"MIN","1993","5","13","28","7","34","0","0","20","62","82"
"NJN","1993","3","29","12","16","25","0","0","45","37","82"
"NYK","1993","1","32","9","25","16","0","0","57","25","82"
"ORL","1993","2","31","10","19","22","0","0","50","32","82"
"PHI","1993","6","15","26","10","31","0","0","25","57","82"
"PHO","1993","2","36","5","20","21","0","0","56","26","82"
"POR","1993","4","30","11","17","24","0","0","47","35","82"
"SAC","1993","6","20","21","8","33","0","0","28","54","82"
"SAS","1993","2","32","9","23","18","0","0","55","27","82"
"SEA","1993","1","37","4","26","15","0","0","63","19","82"
"UTA","1993","3","33","8","20","21","0","0","53","29","82"
"WSB","1993","7","17","24","7","34","0","0","24","58","82"
"ATL","1994","5","24","17","18","23","0","0","42","40","82"
"BOS","1994","3","20","21","15","26","0","0","35","47","82"
"CHH","1994","2","29","12","21","20","0","0","50","32","82"
"CHI","1994","3","28","13","19","22","0","0","47","35","82"
"CLE","1994","4","26","15","17","24","0","0","43","39","82"
"DAL","1994","5","19","22","17","24","0","0","36","46","82"
"DEN","1994","4","23","18","18","23","0","0","41","41","82"
"DET","1994","7","22","19","6","35","0","0","28","54","82"
"GSW","1994","6","15","26","11","30","0","0","26","56","82"
"HOU","1994","3","25","16","22","19","0","0","47","35","82"
"IND","1994","1","33","8","19","22","0","0","52","30","82"
"LAC","1994","7","13","28","4","37","0","0","17","65","82"
"LAL","1994","3","29","12","19","22","0","0","48","34","82"
"MIA","1994","4","22","19","10","31","0","0","32","50","82"
"MIL","1994","6","22","19","12","29","0","0","34","48","82"
"MIN","1994","6","13","28","8","33","0","0","21","61","82"
"NJN","1994","5","20","21","10","31","0","0","30","52","82"
"NYK","1994","2","29","12","26","15","0","0","55","27","82"
"ORL","1994","1","39","2","18","23","0","0","57","25","82"
"PHI","1994","6","14","27","10","31","0","0","24","58","82"
"PHO","1994","1","32","9","27","14","0","0","59","23","82"
"POR","1994","4","26","15","18","23","0","0","44","38","82"
"SAC","1994","5","27","14","12","29","0","0","39","43","82"
"SAS","1994","1","33","8","29","12","0","0","62","20","82"
"SEA","1994","2","32","9","25","16","0","0","57","25","82"
"UTA","1994","2","33","8","27","14","0","0","60","22","82"
"WSB","1994","7","13","28","8","33","0","0","21","61","82"
"ATL","1995","4","26","15","20","21","0","0","46","36","82"
"BOS","1995","5","18","23","15","26","0","0","33","49","82"
"CHH","1995","6","25","16","16","25","0","0","41","41","82"
"CHI","1995","1","39","2","33","8","0","0","72","10","82"
"CLE","1995","3","26","15","21","20","0","0","47","35","82"
"DAL","1995","5","16","25","10","31","0","0","26","56","82"
"DEN","1995","4","24","17","11","30","0","0","35","47","82"
"DET","1995","4","30","11","16","25","0","0","46","36","82"
"GSW","1995","6","23","18","13","28","0","0","36","46","82"
"HOU","1995","3","27","14","21","20","0","0","48","34","82"
"IND","1995","2","32","9","20","21","0","0","52","30","82"
"LAC","1995","7","19","22","10","31","0","0","29","53","82"
"LAL","1995","2","30","11","23","18","0","0","53","29","82"
"MIA","1995","3","26","15","16","25","0","0","42","40","82"
"MIL","1995","7","14","27","11","30","0","0","25","57","82"
"MIN","1995","5","17","24","9","32","0","0","26","56","82"
"NJN","1995","6","20","21","10","31","0","0","30","52","82"
"NYK","1995","2","26","15","21","20","0","0","47","35","82"
"ORL","1995","1","37","4","23","18","0","0","60","22","82"
"PHI","1995","7","11","30","7","34","0","0","18","64","82"
"PHO","1995","4","25","16","16","25","0","0","41","41","82"
"POR","1995","3","26","15","18","23","0","0","44","38","82"
"SAC","1995","5","26","15","13","28","0","0","39","43","82"
"SAS","1995","1","33","8","26","15","0","0","59","23","82"
"SEA","1995","1","38","3","26","15","0","0","64","18","82"
"TOR","1995","8","15","26","6","35","0","0","21","61","82"
"UTA","1995","2","34","7","21","20","0","0","55","27","82"
"VAN","1995","7","10","31","5","36","0","0","15","67","82"
"WSB","1995","4","25","16","14","27","0","0","39","43","82"
"ATL","1996","2","36","5","20","21","0","0","56","26","82"
"BOS","1996","7","11","30","4","37","0","0","15","67","82"
"CHH","1996","3","30","11","24","17","0","0","54","28","82"
"CHI","1996","1","39","2","30","11","0","0","69","13","82"
"CLE","1996","5","25","16","17","24","0","0","42","40","82"
"DAL","1996","4","14","27","10","31","0","0","24","58","82"
"DEN","1996","5","12","29","9","32","0","0","21","61","82"
"DET","1996","3","30","11","24","17","0","0","54","28","82"
"GSW","1996","7","18","23","12","29","0","0","30","52","82"
"HOU","1996","2","30","11","27","14","0","0","57","25","82"
"IND","1996","6","21","20","18","23","0","0","39","43","82"
"LAC","1996","5","21","20","15","26","0","0","36","46","82"
"LAL","1996","2","31","10","25","16","0","0","56","26","82"
"MIA","1996","1","29","12","32","9","0","0","61","21","82"
"MIL","1996","7","20","21","13","28","0","0","33","49","82"
"MIN","1996","3","25","16","15","26","0","0","40","42","82"
"NJN","1996","5","16","25","10","31","0","0","26","56","82"
"NYK","1996","2","31","10","26","15","0","0","57","25","82"
"ORL","1996","3","26","15","19","22","0","0","45","37","82"
"PHI","1996","6","11","30","11","30","0","0","22","60","82"
"PHO","1996","4","25","16","15","26","0","0","40","42","82"
"POR","1996","3","29","12","20","21","0","0","49","33","82"
"SAC","1996","6","22","19","12","29","0","0","34","48","82"
"SAS","1996","6","12","29","8","33","0","0","20","62","82"
"SEA","1996","1","31","10","26","15","0","0","57","25","82"
"TOR","1996","8","18","23","12","29","0","0","30","52","82"
"UTA","1996","1","38","3","26","15","0","0","64","18","82"
"VAN","1996","7","8","33","6","35","0","0","14","68","82"
"WSB","1996","4","25","16","19","22","0","0","44","38","82"
"ATL","1997","4","29","12","21","20","0","0","50","32","82"
"BOS","1997","6","24","17","12","29","0","0","36","46","82"
"CHH","1997","3","32","9","19","22","0","0","51","31","82"
"CHI","1997","1","37","4","25","16","0","0","62","20","82"
"CLE","1997","5","27","14","20","21","0","0","47","35","82"
"DAL","1997","5","13","28","7","34","0","0","20","62","82"
"DEN","1997","7","9","32","2","39","0","0","11","71","82"
"DET","1997","6","25","16","12","29","0","0","37","45","82"
"GSW","1997","6","12","29","7","34","0","0","19","63","82"
"HOU","1997","4","24","17","17","24","0","0","41","41","82"
"IND","1997","2","32","9","26","15","0","0","58","24","82"
"LAC","1997","7","11","30","6","35","0","0","17","65","82"
"LAL","1997","1","33","8","28","13","0","0","61","21","82"
"MIA","1997","1","30","11","25","16","0","0","55","27","82"
"MIL","1997","7","21","20","15","26","0","0","36","46","82"
"MIN","1997","3","26","15","19","22","0","0","45","37","82"
"NJN","1997","2","26","15","17","24","0","0","43","39","82"
"NYK","1997","2","28","13","15","26","0","0","43","39","82"
"ORL","1997","5","24","17","17","24","0","0","41","41","82"
"PHI","1997","7","19","22","12","29","0","0","31","51","82"
"PHO","1997","3","30","11","26","15","0","0","56","26","82"
"POR","1997","4","26","15","20","21","0","0","46","36","82"
"SAC","1997","5","21","20","6","35","0","0","27","55","82"
"SAS","1997","2","31","10","25","16","0","0","56","26","82"
"SEA","1997","1","35","6","26","15","0","0","61","21","82"
"TOR","1997","8","9","32","7","34","0","0","16","66","82"
"UTA","1997","1","36","5","26","15","0","0","62","20","82"
"VAN","1997","6","14","27","5","36","0","0","19","63","82"
"WAS","1997","4","24","17","18","23","0","0","42","40","82"
"ATL","1998","2","16","9","15","10","0","0","31","19","50"
"BOS","1998","5","10","15","9","16","0","0","19","31","50"
"CHH","1998","5","16","9","10","15","0","0","26","24","50"
"CHI","1998","8","8","17","5","20","0","0","13","37","50"
"CLE","1998","7","15","10","7","18","0","0","22","28","50"
"DAL","1998","5","15","10","4","21","0","0","19","31","50"
"DEN","1998","6","12","13","2","23","0","0","14","36","50"
"DET","1998","3","17","8","12","13","0","0","29","21","50"
"GSW","1998","6","13","12","8","17","0","0","21","29","50"
"HOU","1998","3","19","6","12","13","0","0","31","19","50"
"IND","1998","1","18","7","15","10","0","0","33","17","50"
"LAC","1998","7","6","19","3","22","0","0","9","41","50"
"LAL","1998","2","18","7","13","12","0","0","31","19","50"
"MIA","1998","1","18","7","15","10","0","0","33","17","50"
"MIL","1998","4","17","8","11","14","0","0","28","22","50"
"MIN","1998","4","18","7","7","18","0","0","25","25","50"
"NJN","1998","7","12","13","4","21","0","0","16","34","50"
"NYK","1998","4","19","6","8","17","0","0","27","23","50"
"ORL","1998","1","21","4","12","13","0","0","33","17","50"
"PHI","1998","3","17","8","11","14","0","0","28","22","50"
"PHO","1998","3","15","10","12","13","0","0","27","23","50"
"POR","1998","1","22","3","13","12","0","0","35","15","50"
"SAC","1998","3","16","9","11","14","0","0","27","23","50"
"SAS","1998","1","21","4","16","9","0","0","37","13","50"
"SEA","1998","5","17","8","8","17","0","0","25","25","50"
"TOR","1998","6","14","11","9","16","0","0","23","27","50"
"UTA","1998","1","22","3","15","10","0","0","37","13","50"
"VAN","1998","7","7","18","1","24","0","0","8","42","50"
"WAS","1998","6","13","12","5","20","0","0","18","32","50"
"ATL","1999","7","21","20","7","34","0","0","28","54","82"
"BOS","1999","5","26","15","9","32","0","0","35","47","82"
"CHH","1999","2","30","11","19","22","0","0","49","33","82"
"CHI","1999","8","12","29","5","36","0","0","17","65","82"
"CLE","1999","6","22","19","10","31","0","0","32","50","82"
"DAL","1999","4","22","19","18","23","0","0","40","42","82"
"DEN","1999","5","25","16","10","31","0","0","35","47","82"
"DET","1999","4","27","14","15","26","0","0","42","40","82"
"GSW","1999","6","12","29","7","34","0","0","19","63","82"
"HOU","1999","6","22","19","12","29","0","0","34","48","82"
"IND","1999","1","36","5","20","21","0","0","56","26","82"
"LAC","1999","7","10","31","5","36","0","0","15","67","82"
"LAL","1999","1","36","5","31","10","0","0","67","15","82"
"MIA","1999","1","33","8","19","22","0","0","52","30","82"
"MIL","1999","4","23","18","19","22","0","0","42","40","82"
"MIN","1999","3","26","15","24","17","0","0","50","32","82"
"NJN","1999","6","22","19","9","32","0","0","31","51","82"
"NYK","1999","2","33","8","17","24","0","0","50","32","82"
"ORL","1999","4","26","15","15","26","0","0","41","41","82"
"PHI","1999","3","29","12","20","21","0","0","49","33","82"
"PHO","1999","3","32","9","21","20","0","0","53","29","82"
"POR","1999","2","30","11","29","12","0","0","59","23","82"
"SAC","1999","5","30","11","14","27","0","0","44","38","82"
"SAS","1999","2","31","10","22","19","0","0","53","29","82"
"SEA","1999","4","24","17","21","20","0","0","45","37","82"
"TOR","1999","3","26","15","19","22","0","0","45","37","82"
"UTA","1999","1","31","10","24","17","0","0","55","27","82"
"VAN","1999","7","12","29","10","31","0","0","22","60","82"
"WAS","1999","7","17","24","12","29","0","0","29","53","82"
"ATL","2000","7","18","23","7","34","0","0","25","57","82"
"BOS","2000","5","20","21","16","25","0","0","36","46","82"
"CHH","2000","3","28","13","18","23","0","0","46","36","82"
"CHI","2000","8","10","31","5","36","0","0","15","67","82"
"CLE","2000","6","20","21","10","31","0","0","30","52","82"
"DAL","2000","2","28","13","25","16","0","0","53","29","82"
"DEN","2000","6","29","12","11","30","0","0","40","42","82"
"DET","2000","5","18","23","14","27","0","0","32","50","82"
"GSW","2000","7","11","30","6","35","0","0","17","65","82"
"HOU","2000","5","24","17","21","20","0","0","45","37","82"
"IND","2000","4","26","15","15","26","0","0","41","41","82"
"LAC","2000","6","22","19","9","32","0","0","31","51","82"
"LAL","2000","1","31","10","25","16","0","0","56","26","82"
"MIA","2000","2","29","12","21","20","0","0","50","32","82"
"MIL","2000","1","31","10","21","20","0","0","52","30","82"
"MIN","2000","4","30","11","17","24","0","0","47","35","82"
"NJN","2000","6","18","23","8","33","0","0","26","56","82"
"NYK","2000","3","30","11","18","23","0","0","48","34","82"
"ORL","2000","4","26","15","17","24","0","0","43","39","82"
"PHI","2000","1","29","12","27","14","0","0","56","26","82"
"PHO","2000","3","31","10","20","21","0","0","51","31","82"
"POR","2000","4","28","13","22","19","0","0","50","32","82"
"SAC","2000","2","33","8","22","19","0","0","55","27","82"
"SAS","2000","1","33","8","25","16","0","0","58","24","82"
"SEA","2000","5","26","15","18","23","0","0","44","38","82"
"TOR","2000","2","27","14","20","21","0","0","47","35","82"
"UTA","2000","2","28","13","25","16","0","0","53","29","82"
"VAN","2000","7","15","26","8","33","0","0","23","59","82"
"WAS","2000","7","12","29","7","34","0","0","19","63","82"
"ATL","2001","6","23","18","10","31","0","0","33","49","82"
"BOS","2001","2","27","14","22","19","0","0","49","33","82"
"CHH","2001","2","21","20","23","18","0","0","44","38","82"
"CHI","2001","8","14","27","7","34","0","0","21","61","82"
"CLE","2001","7","20","21","9","32","0","0","29","53","82"
"DAL","2001","2","30","11","27","14","0","0","57","25","82"
"DEN","2001","6","20","21","7","34","0","0","27","55","82"
"DET","2001","1","26","15","24","17","0","0","50","32","82"
"GSW","2001","7","14","27","7","34","0","0","21","61","82"
"HOU","2001","5","18","23","10","31","0","0","28","54","82"
"IND","2001","3","25","16","17","24","0","0","42","40","82"
"LAC","2001","5","25","16","14","27","0","0","39","43","82"
"LAL","2001","2","34","7","24","17","0","0","58","24","82"
"MEM","2001","7","15","26","8","33","0","0","23","59","82"
"MIA","2001","6","18","23","18","23","0","0","36","46","82"
"MIL","2001","5","25","16","16","25","0","0","41","41","82"
"MIN","2001","3","29","12","21","20","0","0","50","32","82"
"NJN","2001","1","33","8","19","22","0","0","52","30","82"
"NYK","2001","7","19","22","11","30","0","0","30","52","82"
"ORL","2001","3","27","14","17","24","0","0","44","38","82"
"PHI","2001","4","22","19","21","20","0","0","43","39","82"
"PHO","2001","6","23","18","13","28","0","0","36","46","82"
"POR","2001","3","30","11","19","22","0","0","49","33","82"
"SAC","2001","1","36","5","25","16","0","0","61","21","82"
"SAS","2001","1","32","9","26","15","0","0","58","24","82"
"SEA","2001","4","26","15","19","22","0","0","45","37","82"
"TOR","2001","3","24","17","18","23","0","0","42","40","82"
"UTA","2001","4","25","16","19","22","0","0","44","38","82"
"WAS","2001","5","22","19","15","26","0","0","37","45","82"
"ATL","2002","5","26","15","9","32","0","0","35","47","82"
"BOS","2002","3","25","16","19","22","0","0","44","38","82"
"CHI","2002","6","27","14","3","38","0","0","30","52","82"
"CLE","2002","8","14","27","3","38","0","0","17","65","82"
"DAL","2002","1","33","8","27","14","0","0","60","22","82"
"DEN","2002","7","13","28","4","37","0","0","17","65","82"
"DET","2002","1","30","11","20","21","0","0","50","32","82"
"GSW","2002","6","24","17","14","27","0","0","38","44","82"
"HOU","2002","5","28","13","15","26","0","0","43","39","82"
"IND","2002","2","32","9","16","25","0","0","48","34","82"
"LAC","2002","7","16","25","11","30","0","0","27","55","82"
"LAL","2002","2","31","10","19","22","0","0","50","32","82"
"MEM","2002","6","20","21","8","33","0","0","28","54","82"
"MIA","2002","7","16","25","9","32","0","0","25","57","82"
"MIL","2002","4","25","16","17","24","0","0","42","40","82"
"MIN","2002","3","33","8","18","23","0","0","51","31","82"
"NJN","2002","1","33","8","16","25","0","0","49","33","82"
"NOH","2002","3","29","12","18","23","0","0","47","35","82"
"NYK","2002","5","24","17","13","28","0","0","37","45","82"
"ORL","2002","4","26","15","16","25","0","0","42","40","82"
"PHI","2002","2","25","16","23","18","0","0","48","34","82"
"PHO","2002","4","30","11","14","27","0","0","44","38","82"
"POR","2002","2","27","14","23","18","0","0","50","32","82"
"SAC","2002","1","35","6","24","17","0","0","59","23","82"
"SAS","2002","1","33","8","27","14","0","0","60","22","82"
"SEA","2002","5","25","16","15","26","0","0","40","42","82"
"TOR","2002","7","15","26","9","32","0","0","24","58","82"
"UTA","2002","4","29","12","18","23","0","0","47","35","82"
"WAS","2002","5","23","18","14","27","0","0","37","45","82"
"ATL","2003","7","18","23","10","31","0","0","28","54","82"
"BOS","2003","4","19","22","17","24","0","0","36","46","82"
"CHI","2003","8","14","27","9","32","0","0","23","59","82"
"CLE","2003","5","23","18","12","29","0","0","35","47","82"
"DAL","2003","3","36","5","16","25","0","0","52","30","82"
"DEN","2003","6","29","12","14","27","0","0","43","39","82"
"DET","2003","2","31","10","23","18","0","0","54","28","82"
"GSW","2003","4","27","14","10","31","0","0","37","45","82"
"HOU","2003","5","27","14","18","23","0","0","45","37","82"
"IND","2003","1","34","7","27","14","0","0","61","21","82"
"LAC","2003","7","18","23","10","31","0","0","28","54","82"
"LAL","2003","1","34","7","22","19","0","0","56","26","82"
"MEM","2003","4","31","10","19","22","0","0","50","32","82"
"MIA","2003","2","29","12","13","28","0","0","42","40","82"
"MIL","2003","3","27","14","14","27","0","0","41","41","82"
"MIN","2003","1","31","10","27","14","0","0","58","24","82"
"NJN","2003","1","28","13","19","22","0","0","47","35","82"
"NOH","2003","3","25","16","16","25","0","0","41","41","82"
"NYK","2003","3","23","18","16","25","0","0","39","43","82"
"ORL","2003","7","11","30","10","31","0","0","21","61","82"
"PHI","2003","5","21","20","12","29","0","0","33","49","82"
"PHO","2003","6","18","23","11","30","0","0","29","53","82"
"POR","2003","3","25","16","16","25","0","0","41","41","82"
"SAC","2003","2","34","7","21","20","0","0","55","27","82"
"SAS","2003","2","33","8","24","17","0","0","57","25","82"
"SEA","2003","4","21","20","16","25","0","0","37","45","82"
"TOR","2003","6","18","23","15","26","0","0","33","49","82"
"UTA","2003","7","28","13","14","27","0","0","42","40","82"
"WAS","2003","6","17","24","8","33","0","0","25","57","82"
"ATL","2004","5","9","32","4","37","0","0","13","69","82"
"BOS","2004","1","27","14","18","23","0","0","45","37","82"
"CHA","2004","4","14","27","4","37","0","0","18","64","82"
"CHI","2004","2","27","14","20","21","0","0","47","35","82"
"CLE","2004","4","29","12","13","28","0","0","42","40","82"
"DAL","2004","2","29","12","29","12","0","0","58","24","82"
"DEN","2004","2","31","10","18","23","0","0","49","33","82"
"DET","2004","1","32","9","22","19","0","0","54","28","82"
"GSW","2004","4","20","21","14","27","0","0","34","48","82"
"HOU","2004","3","26","15","25","16","0","0","51","31","82"
"IND","2004","3","25","16","19","22","0","0","44","38","82"
"LAC","2004","3","27","14","10","31","0","0","37","45","82"
"LAL","2004","4","22","19","12","29","0","0","34","48","82"
"MEM","2004","4","26","15","19","22","0","0","45","37","82"
"MIA","2004","1","35","6","24","17","0","0","59","23","82"
"MIL","2004","5","23","18","7","34","0","0","30","52","82"
"MIN","2004","3","24","17","20","21","0","0","44","38","82"
"NJN","2004","3","24","17","18","23","0","0","42","40","82"
"NOH","2004","5","11","30","7","34","0","0","18","64","82"
"NYK","2004","4","22","19","11","30","0","0","33","49","82"
"ORL","2004","3","24","17","12","29","0","0","36","46","82"
"PHI","2004","2","25","16","18","23","0","0","43","39","82"
"PHO","2004","1","31","10","31","10","0","0","62","20","82"
"POR","2004","4","18","23","9","32","0","0","27","55","82"
"SAC","2004","2","30","11","20","21","0","0","50","32","82"
"SAS","2004","1","38","3","21","20","0","0","59","23","82"
"SEA","2004","1","26","15","26","15","0","0","52","30","82"
"TOR","2004","4","22","19","11","30","0","0","33","49","82"
"UTA","2004","5","18","23","8","33","0","0","26","56","82"
"WAS","2004","2","29","12","16","25","0","0","45","37","82"
"ATL","2005","4","18","23","8","33","0","0","26","56","82"
"BOS","2005","3","21","20","12","29","0","0","33","49","82"
"CHA","2005","4","17","24","9","32","0","0","26","56","82"
"CHI","2005","3","21","20","20","21","0","0","41","41","82"
"CLE","2005","2","31","10","19","22","0","0","50","32","82"
"DAL","2005","2","34","7","26","15","0","0","60","22","82"
"DEN","2005","1","26","15","18","23","0","0","44","38","82"
"DET","2005","1","37","4","27","14","0","0","64","18","82"
"GSW","2005","5","21","20","13","28","0","0","34","48","82"
"HOU","2005","5","15","26","19","22","0","0","34","48","82"
"IND","2005","3","27","14","14","27","0","0","41","41","82"
"LAC","2005","2","27","14","20","21","0","0","47","35","82"
"LAL","2005","3","27","14","18","23","0","0","45","37","82"
"MEM","2005","3","30","11","19","22","0","0","49","33","82"
"MIA","2005","1","31","10","21","20","0","0","52","30","82"
"MIL","2005","5","25","16","15","26","0","0","40","42","82"
"MIN","2005","4","24","17","9","32","0","0","33","49","82"
"NJN","2005","1","29","12","20","21","0","0","49","33","82"
"NOK","2005","4","24","17","14","27","0","0","38","44","82"
"NYK","2005","5","15","26","8","33","0","0","23","59","82"
"ORL","2005","3","26","15","10","31","0","0","36","46","82"
"PHI","2005","2","23","18","15","26","0","0","38","44","82"
"PHO","2005","1","31","10","23","18","0","0","54","28","82"
"POR","2005","5","15","26","6","35","0","0","21","61","82"
"SAC","2005","4","27","14","17","24","0","0","44","38","82"
"SAS","2005","1","34","7","29","12","0","0","63","19","82"
"SEA","2005","3","22","19","13","28","0","0","35","47","82"
"TOR","2005","4","15","26","12","29","0","0","27","55","82"
"UTA","2005","2","22","19","19","22","0","0","41","41","82"
"WAS","2005","2","27","14","15","26","0","0","42","40","82"
"ATL","2006","5","18","23","12","29","0","0","30","52","82"
"BOS","2006","5","12","29","12","29","0","0","24","58","82"
"CHA","2006","4","20","21","13","28","0","0","33","49","82"
"CHI","2006","3","31","10","18","23","0","0","49","33","82"
"CLE","2006","2","30","11","20","21","0","0","50","32","82"
"DAL","2006","1","36","5","31","10","0","0","67","15","82"
"DEN","2006","2","23","18","22","19","0","0","45","37","82"
"DET","2006","1","26","15","27","14","0","0","53","29","82"
"GSW","2006","2","30","11","12","29","0","0","42","40","82"
"HOU","2006","3","28","13","24","17","0","0","52","30","82"
"IND","2006","4","22","19","13","28","0","0","35","47","82"
"LAC","2006","4","25","16","15","26","0","0","40","42","82"
"LAL","2006","2","25","16","17","24","0","0","42","40","82"
"MEM","2006","5","14","27","8","33","0","0","22","60","82"
"MIA","2006","1","27","14","17","24","0","0","44","38","82"
"MIL","2006","5","18","23","10","31","0","0","28","54","82"
"MIN","2006","3","20","21","12","29","0","0","32","50","82"
"NJN","2006","2","24","17","17","24","0","0","41","41","82"
"NOK","2006","4","24","17","15","26","0","0","39","43","82"
"NYK","2006","4","19","22","14","27","0","0","33","49","82"
"ORL","2006","3","25","16","15","26","0","0","40","42","82"
"PHI","2006","3","21","20","14","27","0","0","35","47","82"
"PHO","2006","1","33","8","28","13","0","0","61","21","82"
"POR","2006","3","18","23","14","27","0","0","32","50","82"
"SAC","2006","5","20","21","13","28","0","0","33","49","82"
"SAS","2006","2","31","10","27","14","0","0","58","24","82"
"SEA","2006","5","20","21","11","30","0","0","31","51","82"
"TOR","2006","1","30","11","17","24","0","0","47","35","82"
"UTA","2006","1","31","10","20","21","0","0","51","31","82"
"WAS","2006","2","26","15","15","26","0","0","41","41","82"
"ATL","2007","3","25","16","12","29","0","0","37","45","82"
"BOS","2007","1","35","6","31","10","0","0","66","16","82"
"CHA","2007","4","21","20","11","30","0","0","32","50","82"
"CHI","2007","4","20","21","13","28","0","0","33","49","82"
"CLE","2007","2","27","14","18","23","0","0","45","37","82"
"DAL","2007","4","34","7","17","24","0","0","51","31","82"
"DEN","2007","2","33","8","17","24","0","0","50","32","82"
"DET","2007","1","34","7","25","16","0","0","59","23","82"
"GSW","2007","3","27","14","21","20","0","0","48","34","82"
"HOU","2007","3","31","10","24","17","0","0","55","27","82"
"IND","2007","3","21","20","15","26","0","0","36","46","82"
"LAC","2007","5","13","28","10","31","0","0","23","59","82"
"LAL","2007","1","30","11","27","14","0","0","57","25","82"
"MEM","2007","5","14","27","8","33","0","0","22","60","82"
"MIA","2007","5","9","32","6","35","0","0","15","67","82"
"MIL","2007","5","19","22","7","34","0","0","26","56","82"
"MIN","2007","4","15","26","7","34","0","0","22","60","82"
"NJN","2007","4","21","20","13","28","0","0","34","48","82"
"NOH","2007","1","30","11","26","15","0","0","56","26","82"
"NYK","2007","5","15","26","8","33","0","0","23","59","82"
"ORL","2007","1","25","16","27","14","0","0","52","30","82"
"PHI","2007","3","22","19","18","23","0","0","40","42","82"
"PHO","2007","2","30","11","25","16","0","0","55","27","82"
"POR","2007","3","28","13","13","28","0","0","41","41","82"
"SAC","2007","4","26","15","12","29","0","0","38","44","82"
"SAS","2007","2","34","7","22","19","0","0","56","26","82"
"SEA","2007","5","13","28","7","34","0","0","20","62","82"
"TOR","2007","2","25","16","16","25","0","0","41","41","82"
"UTA","2007","1","37","4","17","24","0","0","54","28","82"
"WAS","2007","2","25","16","18","23","0","0","43","39","82"
"ATL","2008","2","31","10","16","25","0","0","47","35","82"
"BOS","2008","1","35","6","27","14","0","0","62","20","82"
"CHA","2008","4","23","18","12","29","0","0","35","47","82"
"CHI","2008","2","28","13","13","28","0","0","41","41","82"
"CLE","2008","1","39","2","27","14","0","0","66","16","82"
"DAL","2008","3","32","9","18","23","0","0","50","32","82"
"DEN","2008","1","33","8","21","20","0","0","54","28","82"
"DET","2008","3","21","20","18","23","0","0","39","43","82"
"GSW","2008","3","21","20","8","33","0","0","29","53","82"
"HOU","2008","2","33","8","20","21","0","0","53","29","82"
"IND","2008","4","25","16","11","30","0","0","36","46","82"
"LAC","2008","4","11","30","8","33","0","0","19","63","82"
"LAL","2008","1","36","5","29","12","0","0","65","17","82"
"MEM","2008","5","16","25","8","33","0","0","24","58","82"
"MIA","2008","3","28","13","15","26","0","0","43","39","82"
"MIL","2008","5","22","19","12","29","0","0","34","48","82"
"MIN","2008","4","11","30","13","28","0","0","24","58","82"
"NJN","2008","3","19","22","15","26","0","0","34","48","82"
"NOH","2008","4","28","13","21","20","0","0","49","33","82"
"NYK","2008","5","20","21","12","29","0","0","32","50","82"
"OKC","2008","5","15","26","8","33","0","0","23","59","82"
"ORL","2008","1","32","9","27","14","0","0","59","23","82"
"PHI","2008","2","24","17","17","24","0","0","41","41","82"
"PHO","2008","2","28","13","18","23","0","0","46","36","82"
"POR","2008","2","34","7","20","21","0","0","54","28","82"
"SAC","2008","5","11","30","6","35","0","0","17","65","82"
"SAS","2008","1","28","13","26","15","0","0","54","28","82"
"TOR","2008","4","18","23","15","26","0","0","33","49","82"
"UTA","2008","3","33","8","15","26","0","0","48","34","82"
"WAS","2008","5","13","28","6","35","0","0","19","63","82"
"ATL","2009","2","0","0","0","0","0","0","53","29","0"
"BOS","2009","1","0","0","0","0","0","0","50","32","0"
"CHA","2009","4","0","0","0","0","0","0","44","38","0"
"CHI","2009","3","0","0","0","0","0","0","41","41","0"
"CLE","2009","1","0","0","0","0","0","0","61","21","0"
"DAL","2009","1","0","0","0","0","0","0","55","27","0"
"DEN","2009","1","0","0","0","0","0","0","53","29","0"
"DET","2009","5","0","0","0","0","0","0","27","55","0"
"GSW","2009","4","0","0","0","0","0","0","26","56","0"
"HOU","2009","3","0","0","0","0","0","0","42","40","0"
"IND","2009","4","0","0","0","0","0","0","32","50","0"
"LAC","2009","3","0","0","0","0","0","0","29","53","0"
"LAL","2009","1","0","0","0","0","0","0","57","25","0"
"MEM","2009","4","0","0","0","0","0","0","40","42","0"
"MIA","2009","3","0","0","0","0","0","0","47","35","0"
"MIL","2009","2","0","0","0","0","0","0","46","36","0"
"MIN","2009","5","0","0","0","0","0","0","15","67","0"
"NJN","2009","5","0","0","0","0","0","0","12","70","0"
"NOH","2009","5","0","0","0","0","0","0","37","45","0"
"NYK","2009","3","0","0","0","0","0","0","29","53","0"
"OKC","2009","4","0","0","0","0","0","0","50","32","0"
"ORL","2009","1","0","0","0","0","0","0","59","23","0"
"PHI","2009","4","0","0","0","0","0","0","27","55","0"
"PHO","2009","2","0","0","0","0","0","0","54","28","0"
"POR","2009","3","0","0","0","0","0","0","50","32","0"
"SAC","2009","5","0","0","0","0","0","0","25","57","0"
"SAS","2009","2","0","0","0","0","0","0","50","32","0"
"TOR","2009","2","0","0","0","0","0","0","40","42","0"
"UTA","2009","2","0","0","0","0","0","0","53","29","0"
"WAS","2009","5","0","0","0","0","0","0","26","56","0"
"ATL","2010","3","0","0","0","0","0","0","44","38","0"
"BOS","2010","1","0","0","0","0","0","0","56","26","0"
"CHA","2010","4","0","0","0","0","0","0","34","48","0"
"CHI","2010","1","0","0","0","0","0","0","62","20","0"
"CLE","2010","5","0","0","0","0","0","0","19","63","0"
"DAL","2010","2","0","0","0","0","0","0","57","25","0"
"DEN","2010","2","0","0","0","0","0","0","50","32","0"
"DET","2010","4","0","0","0","0","0","0","30","52","0"
"GSW","2010","3","0","0","0","0","0","0","36","46","0"
"HOU","2010","5","0","0","0","0","0","0","43","39","0"
"IND","2010","2","0","0","0","0","0","0","37","45","0"
"LAC","2010","4","0","0","0","0","0","0","32","50","0"
"LAL","2010","1","0","0","0","0","0","0","57","25","0"
"MEM","2010","4","0","0","0","0","0","0","46","36","0"
"MIA","2010","1","0","0","0","0","0","0","58","24","0"
"MIL","2010","3","0","0","0","0","0","0","35","47","0"
"MIN","2010","5","0","0","0","0","0","0","17","65","0"
"NJN","2010","4","0","0","0","0","0","0","24","58","0"
"NOH","2010","3","0","0","0","0","0","0","46","36","0"
"NYK","2010","2","0","0","0","0","0","0","42","40","0"
"OKC","2010","1","0","0","0","0","0","0","55","27","0"
"ORL","2010","2","0","0","0","0","0","0","52","30","0"
"PHI","2010","3","0","0","0","0","0","0","41","41","0"
"PHO","2010","2","0","0","0","0","0","0","40","42","0"
"POR","2010","3","0","0","0","0","0","0","48","34","0"
"SAC","2010","5","0","0","0","0","0","0","24","58","0"
"SAS","2010","1","0","0","0","0","0","0","61","21","0"
"TOR","2010","5","0","0","0","0","0","0","22","60","0"
"UTA","2010","4","0","0","0","0","0","0","39","43","0"
"WAS","2010","5","0","0","0","0","0","0","23","59","0"
"ATL","2011","2","0","0","0","0","0","0","40","26","0"
"BOS","2011","1","0","0","0","0","0","0","39","27","0"
"CHA","2011","5","0","0","0","0","0","0","7","59","0"
"CHI","2011","1","0","0","0","0","0","0","50","16","0"
"CLE","2011","5","0","0","0","0","0","0","21","45","0"
"DAL","2011","3","0","0","0","0","0","0","36","30","0"
"DEN","2011","2","0","0","0","0","0","0","38","28","0"
"DET","2011","4","0","0","0","0","0","0","25","41","0"
"GSW","2011","4","0","0","0","0","0","0","23","43","0"
"HOU","2011","4","0","0","0","0","0","0","34","32","0"
"IND","2011","2","0","0","0","0","0","0","42","24","0"
"LAC","2011","2","0","0","0","0","0","0","40","26","0"
"LAL","2011","1","0","0","0","0","0","0","41","25","0"
"MEM","2011","2","0","0","0","0","0","0","41","25","0"
"MIA","2011","1","0","0","0","0","0","0","46","20","0"
"MIL","2011","3","0","0","0","0","0","0","31","35","0"
"MIN","2011","5","0","0","0","0","0","0","26","40","0"
"NJN","2011","5","0","0","0","0","0","0","22","44","0"
"NOH","2011","5","0","0","0","0","0","0","21","45","0"
"NYK","2011","2","0","0","0","0","0","0","36","30","0"
"OKC","2011","1","0","0","0","0","0","0","47","19","0"
"ORL","2011","3","0","0","0","0","0","0","37","29","0"
"PHI","2011","3","0","0","0","0","0","0","35","31","0"
"PHO","2011","3","0","0","0","0","0","0","33","33","0"
"POR","2011","4","0","0","0","0","0","0","28","38","0"
"SAC","2011","5","0","0","0","0","0","0","22","44","0"
"SAS","2011","1","0","0","0","0","0","0","50","16","0"
"TOR","2011","4","0","0","0","0","0","0","23","43","0"
"UTA","2011","3","0","0","0","0","0","0","36","30","0"
"WAS","2011","4","0","0","0","0","0","0","20","46","0"
"CHM","1962","6","0","0","0","0","0","0","8","20","28"
"KCS","1962","1","0","0","0","0","0","0","22","9","31"
"LBC","1962","2","0","0","0","0","0","0","16","8","24"
"OAO","1962","4","0","0","0","0","0","0","11","14","25"
"PGR","1962","3","0","0","0","0","0","0","12","10","22"
"PHT","1962","5","0","0","0","0","0","0","10","18","28"
"CHM","1961","3","0","0","0","0","0","0","39","44","83"
"CLP","1961","1","0","0","0","0","0","0","45","36","81"
"HAW","1961","3","0","0","0","0","0","0","29","53","82"
"KCS","1961","1","0","0","0","0","0","0","54","25","79"
"LAJ","1961","4","0","0","0","0","0","0","24","15","39"
"PGR","1961","2","0","0","0","0","0","0","41","40","81"
"SFS","1961","2","0","0","0","0","0","0","38","38","76"
"WNY","1961","4","0","0","0","0","0","0","31","50","81"
"AND","1950","2","15","4","6","18","0","0","22","22","44"
"DNN","1950","2","12","2","3","14","3","0","18","16","34"
"EVA","1950","5","0","3","0","3","0","0","0","6","6"
"GRH","1950","4","6","3","1","7","0","2","6","13","19"
"KCH","1950","4","3","6","1","12","0","1","4","19","23"
"LOA","1950","3","11","5","7","11","0","1","18","17","35"
"SHE","1950","1","22","3","6","11","1","1","29","16","45"
"SPL","1950","3","9","1","2","7","1","0","12","8","20"
"WAT","1950","1","23","5","6","18","0","0","32","24","56"
"AND","1948","1","32","2","17","13","0","0","49","15","64"
"DAY","1948","4","4","5","9","18","1","3","14","26","40"
"DNN","1948","5","15","15","3","28","0","1","18","44","62"
"DTK","1948","5","1","4","0","12","1","1","2","17","19"
"HCB","1948","3","15","16","5","25","1","0","21","41","62"
"OSH","1948","1","27","8","9","18","1","1","37","27","64"
"SHE","1948","3","24","7","10","21","1","1","35","29","64"
"SYR","1948","2","27","4","7","19","6","0","40","23","63"
"TRI","1948","2","25","10","10","17","1","1","36","28","64"
"WAT","1948","4","23","6","7","22","0","4","30","32","62"
"AND","1947","2","27","2","13","15","2","1","42","18","60"
"FNT","1947","6","7","22","1","26","0","4","8","52","60"
"FTW","1947","3","24","3","14","16","2","1","40","20","60"
"INK","1947","4","17","10","5","25","2","0","24","35","59"
"MNL","1947","1","23","5","15","11","5","1","43","17","60"
"OSH","1947","3","20","8","8","20","1","3","29","31","60"
"ROC","1947","1","26","4","17","11","1","1","44","16","60"
"SHE","1947","5","13","14","8","21","2","2","23","37","60"
"SYR","1947","4","15","14","7","19","2","3","24","36","60"
"TOL","1947","5","15","13","6","22","1","2","22","37","59"
"TRI","1947","2","17","9","11","19","2","2","30","30","60"
"ATC","1947","1","3","0","0","1","4","0","7","1","8"
"BIR","1947","3","5","0","0","2","0","0","5","2","7"
"CHG","1947","1","1","0","7","0","0","0","8","0","8"
"CHT","1947","4","3","1","0","2","0","0","3","3","6"
"GRR","1947","3","2","1","1","2","0","0","3","3","6"
"HMV","1947","7","2","0","0","0","0","0","2","0","2"
"KCB","1947","6","1","2","0","2","0","1","1","5","6"
"LOU","1947","4","1","2","0","2","1","0","2","4","6"
"NOL","1947","5","0","1","3","4","0","0","3","5","8"
"OKD","1947","6","1","1","1","1","0","1","2","3","5"
"OMA","1947","5","1","3","1","0","0","1","2","4","6"
"SPR","1947","8","1","2","0","5","0","0","1","7","8"
"STJ","1947","8","1","3","0","2","0","1","1","6","7"
"STP","1947","2","1","1","5","2","0","0","6","3","9"
"TUL","1947","2","3","1","4","1","0","1","7","3","10"
"WAT","1947","7","1","4","0","1","0","0","1","5","6"
"AND","1946","5","16","6","8","14","0","0","24","20","44"
"CHG","1946","3","15","7","11","11","0","0","26","18","44"
"DTG","1946","6","4","18","0","22","0","0","4","40","44"
"FTW","1946","2","17","5","8","14","0","0","25","19","44"
"INK","1946","2","19","3","8","14","0","0","27","17","44"
"OSH","1946","1","19","3","9","13","0","0","28","16","44"
"ROC","1946","1","19","3","12","10","0","0","31","13","44"
"SHE","1946","4","20","2","6","16","0","0","26","18","44"
"SYR","1946","4","14","8","7","15","0","0","21","23","44"
"TOL","1946","3","13","9","8","14","0","0","21","23","44"
"TRI","1946","5","12","10","7","15","0","0","19","25","44"
"YOU","1946","6","10","12","2","20","0","0","12","32","44"
"CAT","1945","4","4","11","0","18","0","0","4","29","33"
"CHG","1945","3","10","7","7","10","0","0","17","17","34"
"FTW","1945","1","14","3","12","5","0","0","26","8","34"
"INK","1945","4","4","11","6","11","0","0","10","22","32"
"OSH","1945","2","13","5","6","10","0","0","19","15","34"
"ROC","1945","2","14","3","10","7","0","0","24","10","34"
"SHE","1945","1","12","6","9","7","0","0","21","13","34"
"YOU","1945","3","9","8","4","12","0","0","13","20","33"
"CAT","1944","2","8","7","5","10","0","0","13","17","30"
"CHG","1944","2","11","4","3","12","0","0","14","16","30"
"FTW","1944","1","14","1","11","4","0","0","25","5","30"
"OSH","1944","3","10","6","2","12","0","0","12","18","30"
"PTR","1944","3","5","9","2","14","0","0","7","23","30"
"SHE","1944","1","12","3","7","8","0","0","19","11","30"
"CCB","1943","4","3","6","0","9","0","0","3","15","18"
"FTW","1943","1","9","2","9","2","0","0","18","4","22"
"OSH","1943","3","6","5","1","10","0","0","7","15","22"
"SHE","1943","2","8","3","6","5","0","0","14","8","22"
"CHF","1942","4","5","6","3","9","0","0","8","15","23"
"FTW","1942","1","10","2","7","4","0","0","17","6","23"
"OSH","1942","3","7","5","4","7","0","0","11","12","23"
"SHE","1942","2","9","4","3","7","0","0","12","11","23"
"TCH","1942","5","0","0","0","4","0","0","0","4","4"
"AGW","1941","3","11","2","4","7","0","0","15","9","24"
"CHB","1941","6","4","6","3","8","0","0","8","15","23"
"FTW","1941","2","11","3","4","6","0","0","15","9","24"
"INK","1941","4","10","1","2","10","0","0","12","11","23"
"OSH","1941","1","13","1","7","3","0","0","20","4","24"
"SHE","1941","5","8","5","2","9","0","0","10","14","24"
"TCH","1941","7","2","4","0","16","0","0","3","21","24"
"AFS","1940","3","7","5","6","6","0","0","13","11","24"
"AGW","1940","6","6","6","5","7","0","0","11","13","24"
"CHB","1940","5","8","4","3","9","0","0","11","13","24"
"DTE","1940","4","8","4","4","8","0","0","12","12","24"
"HAM","1940","7","6","6","0","12","0","0","6","18","24"
"OSH","1940","1","11","1","7","5","0","0","18","6","24"
"SHE","1940","2","7","5","6","6","0","0","13","11","24"
"AFS","1939","1","10","3","8","6","0","0","18","9","27"
"AGW","1939","3","8","6","6","8","0","0","14","14","28"
"CHB","1939","3","10","4","4","10","0","0","14","14","28"
"DTE","1939","2","12","2","5","8","0","0","17","10","27"
"HAM","1939","4","7","7","2","12","0","0","9","19","28"
"INK","1939","4","6","8","3","11","0","0","9","19","28"
"OSH","1939","1","12","2","3","11","0","0","15","13","28"
"SHE","1939","2","11","3","4","10","0","0","15","13","28"
"AFS","1938","1","11","2","13","1","0","0","24","3","27"
"AGW","1938","2","7","7","7","7","0","0","14","14","28"
"CWH","1938","3","9","5","5","9","0","0","14","14","28"
"HAM","1938","4","4","10","0","14","0","0","4","24","28"
"INK","1938","2","9","4","4","9","0","0","13","13","26"
"OSH","1938","1","10","4","7","7","0","0","17","11","28"
"PGP","1938","4","9","5","4","9","0","0","13","14","27"
"SHE","1938","3","7","7","4","10","0","0","11","17","28"
"AFS","1937","1","8","1","5","3","0","0","14","4","18"
"AGW","1937","2","8","1","5","4","0","0","13","5","18"
"BFB","1937","4","2","2","1","4","0","0","3","6","9"
"CNC","1937","5","3","1","0","5","0","0","3","7","10"
"COL","1937","6","1","3","0","7","0","0","1","12","13"
"DYM","1937","7","2","4","0","5","0","0","2","11","13"
"FWE","1937","3","9","1","2","6","0","0","13","7","20"
"INK","1937","4","4","2","0","6","0","0","4","9","13"
"KNK","1937","6","1","4","0","7","0","0","3","11","14"
"OSH","1937","1","9","1","2","1","0","0","12","2","14"
"PGP","1937","3","5","1","3","4","0","0","8","5","13"
"WAR","1937","5","2","3","1","6","0","0","3","9","12"
"WHT","1937","2","7","0","5","3","0","0","12","3","15"